status,seed,target_deterministic_share,lexical_variation,p_transform,realized_det_pct,weighted_ads,unweighted_ads,cross_company_consistency,n_products_train,n_train_lines,n_test_lines,rules_whole_set_accuracy,rules_coverage,retrieval_whole_set_accuracy,retrieval_coverage,retrieval_cutoff_used,paired_diff_point,paired_diff_ci_low,paired_diff_ci_high,empirical_winner,r3_selected_mechanism,r3_agrees_with_empirical,elapsed_seconds
ok,31001,0.0,False,0.0,0.5086782376502003,0.7174887892376681,0.8246556863786078,0.6295079802802046,749,5129,1259,0.6664019062748213,0.9626687847498014,0.6568705321683876,1.0,75,0.009531374106433677,0.001588562351072298,0.018268467037331204,tie,llm_required,,4.686
ok,31002,0.0,False,0.0,0.44994246260069043,0.710861525818381,0.8100595851128165,0.6165771593579478,869,7301,1875,0.6864,0.9728,0.6805333333333333,1.0,75,0.005866666666666687,0.0016000000000000458,0.010666666666666602,tie,llm_required,,8.513
ok,31003,0.0,False,0.0,0.4475,0.7034482758620689,0.8076374403235326,0.6022216893964193,800,6960,1757,0.7114399544678429,0.9726807057484348,0.7097324985771201,1.0,75,0.0017074558907228532,-0.0011383039271486428,0.005122367672168449,tie,llm_required,,11.597
ok,31004,0.0,False,0.0,0.4583883751651255,0.7256006628003314,0.8181788354523817,0.661860134303622,757,6035,1688,0.7067535545023697,0.9727488151658767,0.7031990521327014,1.0,75,0.0035545023696682554,-0.0005924170616113944,0.007701421800947905,tie,llm_required,,7.268
ok,31005,0.0,False,0.0,0.4718969555035129,0.7151104417670683,0.8236344015038709,0.6412176435805585,854,7968,2116,0.7046313799621928,0.9763705103969754,0.7017958412098299,1.0,75,0.002835538752362976,0.0,0.0061436672967863926,tie,llm_required,,3.799
ok,31006,0.0,False,0.0,0.45738295318127253,0.7118162736140264,0.8165967003766813,0.6256489105665708,833,8099,2134,0.6771321462043112,0.971883786316776,0.6701030927835051,1.0,75,0.007029053420806064,0.0032802249297094743,0.011246485473289658,tie,llm_required,,4.887
ok,31007,0.0,False,0.0,0.49764150943396224,0.6874534901026939,0.8196420501961738,0.6202667546420203,848,6719,1801,0.6996113270405331,0.9761243753470294,0.6918378678511938,1.0,75,0.007773459189339249,0.003331482509716821,0.01277068295391448,tie,llm_required,,2.607
ok,31008,0.0,False,0.0,0.48333333333333334,0.6981237748529824,0.8254899838532981,0.6315441831891294,780,7142,1922,0.676378772112383,0.9719042663891779,0.6711758584807492,1.0,75,0.005202913631633721,0.0010405827263267886,0.009365244536940764,tie,llm_required,,2.75
ok,31009,0.0,False,0.0,0.45875,0.6947489299509343,0.8179447457223624,0.6372018182586062,800,9579,2735,0.6950639853747714,0.9762340036563071,0.693235831809872,1.0,75,0.001828153564899404,-0.000365630712979903,0.004021937842778711,tie,llm_required,,5.645
ok,31010,0.0,False,0.0,0.4810126582278481,0.7205549690846026,0.8164276030335741,0.6358432400027807,790,6631,1763,0.685195689166194,0.9648326715825298,0.6829268292682927,1.0,75,0.0022688598979012653,-0.001701644923425949,0.006239364719228591,tie,llm_required,,2.554
ok,31011,0.0,False,0.0,0.4919653893695921,0.7135435327839484,0.815958396415407,0.6454109659635905,809,5582,1474,0.6743554952510177,0.9620081411126187,0.6668928086838535,1.0,75,0.007462686567164201,0.0027137042062415073,0.012890094979647215,tie,llm_required,,2.419
ok,31012,0.0,False,0.0,0.5267489711934157,0.7273085253002559,0.835717452055308,0.6665848330148046,729,5079,1437,0.6833681280445373,0.9617258176757133,0.6805845511482255,1.0,75,0.0027835768963118124,-0.002087682672233915,0.008350730688935215,tie,llm_required,,3.45
ok,31013,0.0,False,0.0,0.5139240506329114,0.7108433734939759,0.8297336695906335,0.6077387546353378,790,5727,1466,0.669849931787176,0.9638472032742156,0.6678035470668485,1.0,75,0.0020463847203274765,-0.0027285129604365244,0.006821282401091366,tie,llm_required,,2.273
ok,31014,0.0,False,0.0,0.4837451235370611,0.7227504244482174,0.8228512886564734,0.617893821026457,769,5890,1437,0.6757132915796799,0.9700765483646486,0.6680584551148225,1.0,75,0.0076548364648573175,0.0027835768963117014,0.013221990257480831,tie,llm_required,,2.358
ok,31015,0.0,False,0.0,0.4820766378244747,0.7309729157209865,0.8275185611477656,0.6603584930143613,809,6609,1854,0.7173678532901834,0.9746494066882416,0.7125134843581445,1.0,75,0.004854368932038833,0.0010787486515640987,0.00916936353829556,tie,llm_required,,5.213
ok,31016,0.0,False,0.0,0.4743276283618582,0.7420958166505591,0.8264109883536994,0.6500559866920903,818,7243,1805,0.7240997229916898,0.9606648199445983,0.7213296398891966,1.0,75,0.0027700831024931594,-0.002216066481994461,0.007756232686980558,tie,llm_required,,5.193
ok,31017,0.0,False,0.0,0.44138755980861244,0.7266474067959829,0.8113458767393443,0.6335757613123139,836,7269,1884,0.6894904458598726,0.9639065817409767,0.6868365180467091,1.0,75,0.002653927813163537,-0.002123142250530785,0.007961783439490389,tie,llm_required,,4.78
ok,31018,0.0,False,0.0,0.5113636363636364,0.7242372881355932,0.8299578864799649,0.6244553278998268,792,5900,1589,0.6891126494650723,0.9641283826305853,0.6809314033983638,1.0,75,0.008181246066708558,0.0037759597230961894,0.013845185651353065,tie,llm_required,,2.468
ok,31019,0.0,False,0.0,0.4840357598978289,0.7252262982372558,0.8236824888710587,0.6286763233691073,783,8396,2209,0.6985061113626075,0.9764599366229063,0.6953372566772296,1.0,75,0.0031688546853779753,0.0,0.006790402897238534,tie,llm_required,,4.361
ok,31020,0.0,False,0.0,0.45625,0.6887868463931269,0.812213622891642,0.586404825547718,800,6751,1783,0.6763881099270892,0.9747616376892877,0.6735838474481212,1.0,75,0.0028042624789680337,-0.001121704991587258,0.007291082445316843,tie,llm_required,,5.288
ok,31001,0.0,True,0.3,0.5086782376502003,0.7174887892376681,0.8246556863786078,0.6295079802802046,749,5129,1259,0.4892772041302621,0.7243844320889595,0.6012708498808578,1.0,75,-0.11199364575059567,-0.13343923749007147,-0.09213661636219228,retrieval,llm_required,,2.684
ok,31002,0.0,True,0.3,0.44994246260069043,0.710861525818381,0.8100595851128165,0.6165771593579478,869,7301,1875,0.512,0.7509333333333333,0.6368,1.0,75,-0.12480000000000002,-0.14186666666666659,-0.10933333333333334,retrieval,llm_required,,6.213
ok,31003,0.0,True,0.3,0.4475,0.7034482758620689,0.8076374403235326,0.6022216893964193,800,6960,1757,0.5429709732498577,0.7626636311895276,0.6619237336368811,1.0,75,-0.1189527603870234,-0.13431986340352875,-0.10358565737051795,retrieval,llm_required,,3.937
ok,31004,0.0,True,0.3,0.4583883751651255,0.7256006628003314,0.8181788354523817,0.661860134303622,757,6035,1688,0.4994075829383886,0.7274881516587678,0.6332938388625592,1.0,75,-0.13388625592417058,-0.15047393364928907,-0.1172985781990521,retrieval,llm_required,,4.677
ok,31005,0.0,True,0.3,0.4718969555035129,0.7151104417670683,0.8236344015038709,0.6412176435805585,854,7968,2116,0.5203213610586012,0.75,0.6498109640831758,1.0,75,-0.12948960302457468,-0.14461247637051045,-0.11436672967863903,retrieval,llm_required,,5.075
ok,31006,0.0,True,0.3,0.45738295318127253,0.7118162736140264,0.8165967003766813,0.6256489105665708,833,8099,2134,0.4845360824742268,0.7296157450796626,0.6105904404873477,1.0,75,-0.12605435801312087,-0.14104967197750706,-0.11105904404873473,retrieval,llm_required,,5.98
ok,31007,0.0,True,0.3,0.49764150943396224,0.6874534901026939,0.8196420501961738,0.6202667546420203,848,6719,1801,0.495835646862854,0.742365352581899,0.6385341476957246,1.0,75,-0.1426985008328706,-0.16046640755136032,-0.1254858411993337,retrieval,llm_required,,3.85
ok,31008,0.0,True,0.3,0.48333333333333334,0.6981237748529824,0.8254899838532981,0.6315441831891294,780,7142,1922,0.48647242455775236,0.7320499479708636,0.6165452653485952,1.0,75,-0.13007284079084286,-0.14620187304890742,-0.11394380853277836,retrieval,llm_required,,6.661
ok,31009,0.0,True,0.3,0.45875,0.6947489299509343,0.8179447457223624,0.6372018182586062,800,9579,2735,0.5224862888482632,0.780255941499086,0.63363802559415,1.0,75,-0.11115173674588674,-0.12358318098720289,-0.09945155393053007,retrieval,llm_required,,6.559
ok,31010,0.0,True,0.3,0.4810126582278481,0.7205549690846026,0.8164276030335741,0.6358432400027807,790,6631,1763,0.504254112308565,0.7277368122518435,0.6307430516165626,1.0,75,-0.12648893930799765,-0.14350538854225753,-0.11060692002268863,retrieval,llm_required,,4.348
ok,31011,0.0,True,0.3,0.4919653893695921,0.7135435327839484,0.815958396415407,0.6454109659635905,809,5582,1474,0.47421981004070557,0.7089552238805971,0.6031207598371777,1.0,75,-0.12890094979647215,-0.14721845318860238,-0.11058344640434192,retrieval,llm_required,,2.834
ok,31012,0.0,True,0.3,0.5267489711934157,0.7273085253002559,0.835717452055308,0.6665848330148046,729,5079,1437,0.5059151009046625,0.7146833681280446,0.6367432150313153,1.0,75,-0.13082811412665274,-0.1482254697286013,-0.1127348643006264,retrieval,llm_required,,3.383
ok,31013,0.0,True,0.3,0.5139240506329114,0.7108433734939759,0.8297336695906335,0.6077387546353378,790,5727,1466,0.4931787175989086,0.723055934515689,0.6200545702592087,1.0,75,-0.12687585266030016,-0.14529331514324695,-0.10845839017735337,retrieval,llm_required,,3.337
ok,31014,0.0,True,0.3,0.4837451235370611,0.7227504244482174,0.8228512886564734,0.617893821026457,769,5890,1437,0.47738343771746694,0.7105080027835768,0.6005567153792624,1.0,75,-0.12317327766179542,-0.14265831593597772,-0.10508002783576897,retrieval,llm_required,,2.883
ok,31015,0.0,True,0.3,0.4820766378244747,0.7309729157209865,0.8275185611477656,0.6603584930143613,809,6609,1854,0.5215749730312838,0.7292340884573895,0.6553398058252428,1.0,75,-0.133764832793959,-0.14994606256742182,-0.1175836030204962,retrieval,llm_required,,5.407
ok,31016,0.0,True,0.3,0.4743276283618582,0.7420958166505591,0.8264109883536994,0.6500559866920903,818,7243,1805,0.5407202216066482,0.7523545706371191,0.6537396121883656,1.0,75,-0.1130193905817174,-0.12908587257617732,-0.09750692520775617,retrieval,llm_required,,5.717
ok,31017,0.0,True,0.3,0.44138755980861244,0.7266474067959829,0.8113458767393443,0.6335757613123139,836,7269,1884,0.4968152866242038,0.714968152866242,0.6236730360934183,1.0,75,-0.12685774946921446,-0.14225053078556266,-0.11093418259023358,retrieval,llm_required,,6.624
ok,31018,0.0,True,0.3,0.5113636363636364,0.7242372881355932,0.8299578864799649,0.6244553278998268,792,5900,1589,0.5059786028949025,0.7212083071113908,0.6331025802391441,1.0,75,-0.12712397734424163,-0.14411579609817504,-0.10887350534927631,retrieval,llm_required,,4.365
ok,31019,0.0,True,0.3,0.4840357598978289,0.7252262982372558,0.8236824888710587,0.6286763233691073,783,8396,2209,0.5513807152557718,0.7863286555002263,0.6568583069262109,1.0,75,-0.10547759167043913,-0.11905839746491631,-0.09234947940244453,retrieval,llm_required,,7.919
ok,31020,0.0,True,0.3,0.45625,0.6887868463931269,0.812213622891642,0.586404825547718,800,6751,1783,0.4991587212563096,0.749298934380258,0.6287156477846326,1.0,75,-0.129556926528323,-0.14638250140213122,-0.11273135165451487,retrieval,llm_required,,5.333
ok,31001,0.2,False,0.0,0.5730027548209367,0.7029720913374411,0.8410537307217698,0.6528243937474886,726,5518,1520,0.7144736842105263,0.9572368421052632,0.7,1.0,75,0.014473684210526305,0.008552631578947367,0.021052631578947323,tie,llm_required,,3.225
ok,31002,0.2,False,0.0,0.5583524027459954,0.7617032892043129,0.8495787738877222,0.665912502581918,874,7327,1890,0.7216931216931217,0.9645502645502646,0.7174603174603175,1.0,75,0.004232804232804255,0.0010582010582010914,0.007407407407407418,tie,llm_required,,3.046
ok,31003,0.2,False,0.0,0.6032138442521632,0.7369248356673336,0.8565933287806599,0.6226663898862019,809,6998,1875,0.7317333333333333,0.9754666666666667,0.7290666666666666,1.0,75,0.002666666666666706,0.0,0.005333333333333412,tie,llm_required,,5.129
ok,31004,0.2,False,0.0,0.5559360730593608,0.7929335290417279,0.8553360578433575,0.6832588237013276,876,9538,2363,0.7697841726618705,0.9788404570461278,0.7668218366483284,1.0,75,0.0029623360135421217,0.0008463817181548761,0.00550148116800675,tie,llm_required,,3.707
ok,31005,0.2,False,0.0,0.5609756097560976,0.7511528608027327,0.8488107684756423,0.6818066132388809,738,5855,1533,0.7045009784735812,0.9654272667971298,0.6992824527071102,1.0,75,0.005218525766470972,0.000652315720808927,0.009784735812133016,tie,llm_required,,2.795
ok,31006,0.2,False,0.0,0.6020278833967047,0.7728998576174656,0.8611062323036511,0.6634294039311546,789,4214,1153,0.6981786643538594,0.9479618386816999,0.6895056374674762,1.0,75,0.008673026886383273,0.0008673026886383273,0.01647875108412844,tie,llm_required,,4.663
ok,31007,0.2,False,0.0,0.5621693121693122,0.7325190839694656,0.8440229616513506,0.6556759271252752,756,6550,1740,0.7166666666666667,0.9683908045977011,0.7126436781609196,1.0,75,0.004022988505747116,-0.0005747126436781436,0.008620689655172376,tie,llm_required,,3.03
ok,31008,0.2,False,0.0,0.5680100755667506,0.7131868131868132,0.8512348708031605,0.6453033547476992,794,7280,1854,0.7610571736785329,0.9762675296655879,0.7556634304207119,1.0,75,0.005393743257820938,0.0021574973031283085,0.00916936353829556,tie,llm_required,,5.014
ok,31009,0.2,False,0.0,0.5596919127086007,0.7540211397058824,0.8560625699920059,0.6953557771602956,779,8704,2335,0.7349036402569593,0.9794432548179871,0.7314775160599571,1.0,75,0.003426124197002167,-0.0008565310492505418,0.007708779443254876,tie,llm_required,,6.684
ok,31010,0.2,False,0.0,0.5867014341590613,0.7414657062323834,0.8580321652541598,0.7029450779994469,767,6386,1610,0.7248447204968944,0.9577639751552796,0.7217391304347827,1.0,75,0.0031055900621117516,-0.002484472049689379,0.008695652173912993,tie,llm_required,,5.253
ok,31011,0.2,False,0.0,0.6139240506329114,0.7740170247263883,0.8605516037177445,0.6561190422051201,790,4934,1278,0.7190923317683882,0.9553990610328639,0.7128325508607198,1.0,75,0.006259780907668322,0.0007824726134585402,0.011737089201877993,tie,llm_required,,2.124
ok,31012,0.2,False,0.0,0.5222222222222223,0.7443928228132008,0.8437941419079859,0.6706474819724221,810,12484,3767,0.7454207592248474,0.98539952216618,0.744889832758163,1.0,75,0.0005309264666844005,-0.0013273161667110012,0.002389169100079691,tie,llm_required,,7.506
ok,31013,0.2,False,0.0,0.557396449704142,0.7649895724713243,0.8469082517889915,0.6542099459757652,845,7672,2252,0.7642095914742452,0.977797513321492,0.7619893428063943,1.0,75,0.002220248667850866,0.000444049733570151,0.004440497335701621,tie,llm_required,,4.049
ok,31014,0.2,False,0.0,0.5548926014319809,0.7535551041137634,0.8508226019534414,0.6614102537086952,838,7876,2115,0.7617021276595745,0.9801418439716312,0.7588652482269503,1.0,75,0.0028368794326241176,-0.0009456264775413725,0.006619385342789608,tie,llm_required,,7.266
ok,31015,0.2,False,0.0,0.6148409893992933,0.7549530761209593,0.8693851760057708,0.6868173943380254,849,5754,1589,0.73568281938326,0.960352422907489,0.7306482064191315,1.0,75,0.005034612964128438,0.0012586532410321372,0.009439899307740696,tie,llm_required,,3.568
ok,31016,0.2,False,0.0,0.535,0.76500353024241,0.8457006613978857,0.6750782243675414,800,8498,2181,0.7615772581384685,0.9738651994497937,0.7574507106831728,1.0,75,0.004126547455295726,0.0018340210912425325,0.00687757909215958,tie,llm_required,,6.94
ok,31017,0.2,False,0.0,0.5508905852417303,0.7557196465318968,0.8484506431890058,0.6628779739619487,786,8261,2328,0.7560137457044673,0.9712199312714777,0.7542955326460481,1.0,75,0.0017182130584192379,-0.0012886597938144284,0.004725085910652904,tie,llm_required,,4.669
ok,31018,0.2,False,0.0,0.5616083009079118,0.7533826447771964,0.8488157056692828,0.6632589784885669,771,5543,1439,0.7095205003474635,0.9506601806810285,0.7074357192494788,1.0,75,0.0020847810979847115,-0.0020847810979847115,0.006254343293954134,tie,llm_required,,3.018
ok,31019,0.2,False,0.0,0.5878634639696586,0.7693531283138918,0.8584177474117353,0.6427729526989092,791,7544,1785,0.7557422969187675,0.9703081232492997,0.7495798319327731,1.0,75,0.006162464985994376,0.001680672268907557,0.010644257703081195,tie,llm_required,,2.644
ok,31020,0.2,False,0.0,0.5690140845070423,0.7515923566878981,0.849763495532708,0.6688280383800104,710,5495,1296,0.716820987654321,0.9598765432098766,0.7121913580246914,1.0,75,0.00462962962962965,-0.0015432098765432167,0.01157407407407407,tie,llm_required,,2.474
ok,31001,0.2,True,0.3,0.5730027548209367,0.7029720913374411,0.8410537307217698,0.6528243937474886,726,5518,1520,0.5177631578947368,0.7348684210526316,0.6519736842105263,1.0,75,-0.13421052631578945,-0.15328947368421053,-0.11578947368421044,retrieval,llm_required,,16.25
ok,31002,0.2,True,0.3,0.5583524027459954,0.7617032892043129,0.8495787738877222,0.665912502581918,874,7327,1890,0.5280423280423281,0.726984126984127,0.6634920634920635,1.0,75,-0.13544973544973538,-0.1523809523809524,-0.11957671957671956,retrieval,llm_required,,14.173
ok,31003,0.2,True,0.3,0.6032138442521632,0.7369248356673336,0.8565933287806599,0.6226663898862019,809,6998,1875,0.528,0.7333333333333333,0.6538666666666667,1.0,75,-0.12586666666666668,-0.1418666666666667,-0.11093333333333333,retrieval,llm_required,,11.142
ok,31004,0.2,True,0.3,0.5559360730593608,0.7929335290417279,0.8553360578433575,0.6832588237013276,876,9538,2363,0.5785019043588658,0.7456622936944562,0.7223867964451968,1.0,75,-0.14388489208633093,-0.15869657215404154,-0.12949640287769792,retrieval,llm_required,,26.634
ok,31005,0.2,True,0.3,0.5609756097560976,0.7511528608027327,0.8488107684756423,0.6818066132388809,738,5855,1533,0.5238095238095238,0.7429876060013046,0.6568819308545336,1.0,75,-0.13307240704500978,-0.15264187866927592,-0.11545988258317019,retrieval,llm_required,,12.146
ok,31006,0.2,True,0.3,0.6020278833967047,0.7728998576174656,0.8611062323036511,0.6634294039311546,789,4214,1153,0.5108412836079792,0.7025151777970512,0.6487424111014745,1.0,75,-0.13790112749349526,-0.1578490893321769,-0.11621856027753685,retrieval,llm_required,,6.441
ok,31007,0.2,True,0.3,0.5621693121693122,0.7325190839694656,0.8440229616513506,0.6556759271252752,756,6550,1740,0.5091954022988506,0.7367816091954023,0.6649425287356322,1.0,75,-0.15574712643678157,-0.17471264367816097,-0.13793103448275856,retrieval,llm_required,,5.207
ok,31008,0.2,True,0.3,0.5680100755667506,0.7131868131868132,0.8512348708031605,0.6453033547476992,794,7280,1854,0.581984897518878,0.7837108953613808,0.6974110032362459,1.0,75,-0.11542610571736789,-0.13106796116504849,-0.10032362459546929,retrieval,llm_required,,5.035
ok,31009,0.2,True,0.3,0.5596919127086007,0.7540211397058824,0.8560625699920059,0.6953557771602956,779,8704,2335,0.5605995717344754,0.7721627408993575,0.6903640256959315,1.0,75,-0.12976445396145608,-0.14518201284796572,-0.11434689507494644,retrieval,llm_required,,7.483
ok,31010,0.2,True,0.3,0.5867014341590613,0.7414657062323834,0.8580321652541598,0.7029450779994469,767,6386,1610,0.5521739130434783,0.7614906832298136,0.668944099378882,1.0,75,-0.1167701863354037,-0.1341614906832298,-0.09999999999999998,retrieval,llm_required,,3.951
ok,31011,0.2,True,0.3,0.6139240506329114,0.7740170247263883,0.8605516037177445,0.6561190422051201,790,4934,1278,0.528169014084507,0.7136150234741784,0.6549295774647887,1.0,75,-0.12676056338028174,-0.14553990610328638,-0.10719874804381846,retrieval,llm_required,,3.984
ok,31012,0.2,True,0.3,0.5222222222222223,0.7443928228132008,0.8437941419079859,0.6706474819724221,810,12484,3767,0.5949031059198301,0.8144411998938147,0.7079904433235997,1.0,75,-0.11308733740376964,-0.12397132997079907,-0.1027342713034245,retrieval,llm_required,,11.234
ok,31013,0.2,True,0.3,0.557396449704142,0.7649895724713243,0.8469082517889915,0.6542099459757652,845,7672,2252,0.588809946714032,0.7739786856127886,0.7304618117229129,1.0,75,-0.14165186500888094,-0.15630550621669625,-0.12699822380106573,retrieval,llm_required,,5.158
ok,31014,0.2,True,0.3,0.5548926014319809,0.7535551041137634,0.8508226019534414,0.6614102537086952,838,7876,2115,0.5635933806146572,0.7442080378250591,0.7139479905437353,1.0,75,-0.150354609929078,-0.16643026004728134,-0.13427895981087468,retrieval,llm_required,,9.213
ok,31015,0.2,True,0.3,0.6148409893992933,0.7549530761209593,0.8693851760057708,0.6868173943380254,849,5754,1589,0.540591567023285,0.7199496538703587,0.6809314033983638,1.0,75,-0.14033983637507874,-0.15859030837004406,-0.12271869100062927,retrieval,llm_required,,8.001
ok,31016,0.2,True,0.3,0.535,0.76500353024241,0.8457006613978857,0.6750782243675414,800,8498,2181,0.5772581384685924,0.7505731315910132,0.7065566254011921,1.0,75,-0.1292984869325997,-0.14442916093535074,-0.11416781292984868,retrieval,llm_required,,9.435
ok,31017,0.2,True,0.3,0.5508905852417303,0.7557196465318968,0.8484506431890058,0.6628779739619487,786,8261,2328,0.5846219931271478,0.7676116838487973,0.7216494845360825,1.0,75,-0.13702749140893467,-0.1516323024054983,-0.12242268041237114,retrieval,llm_required,,5.812
ok,31018,0.2,True,0.3,0.5616083009079118,0.7533826447771964,0.8488157056692828,0.6632589784885669,771,5543,1439,0.542043085476025,0.7359277275886031,0.6664350243224462,1.0,75,-0.12439193884642119,-0.1438498957609451,-0.10632383599722028,retrieval,llm_required,,4.521
ok,31019,0.2,True,0.3,0.5878634639696586,0.7693531283138918,0.8584177474117353,0.6427729526989092,791,7544,1785,0.5658263305322129,0.7383753501400561,0.688515406162465,1.0,75,-0.12268907563025211,-0.13893557422969194,-0.10700280112044813,retrieval,llm_required,,4.644
ok,31020,0.2,True,0.3,0.5690140845070423,0.7515923566878981,0.849763495532708,0.6688280383800104,710,5495,1296,0.5054012345679012,0.6983024691358025,0.6489197530864198,1.0,75,-0.1435185185185186,-0.16435185185185186,-0.12268518518518523,retrieval,llm_required,,3.797
ok,31001,0.3,False,0.0,0.6485013623978202,0.7451217406320152,0.8736066611462524,0.6834978080654457,734,5791,1628,0.7242014742014742,0.957002457002457,0.7192874692874693,1.0,75,0.004914004914004844,0.0,0.010442260442260376,tie,llm_required,,2.37
ok,31002,0.3,False,0.0,0.5838587641866331,0.7581540596807772,0.8533421029156207,0.6662233162026351,793,5764,1513,0.7666886979510905,0.9669530733641771,0.7594183740912095,1.0,75,0.007270323859881023,0.0026437541308658163,0.012557832121612655,tie,llm_required,,2.27
ok,31003,0.3,False,0.0,0.6297760210803689,0.7751507457949858,0.8754269853959231,0.6611428209308967,759,6302,1646,0.7818955042527339,0.9641555285540705,0.7794653705953828,1.0,75,0.002430133657351119,-0.0012150668286755595,0.0060753341433779084,tie,llm_required,,3.841
ok,31004,0.3,False,0.0,0.5887290167865707,0.8065113408424626,0.8593674010866181,0.6804402173333133,834,6481,1733,0.7888055395268321,0.9717253317945759,0.7841892671667628,1.0,75,0.004616272360069229,0.0005770340450086398,0.009232544720138569,tie,llm_required,,2.717
ok,31005,0.3,False,0.0,0.6105417276720352,0.7839292579777009,0.862278423246493,0.704482645040077,683,5202,1306,0.7419601837672282,0.9624808575803981,0.7327718223583461,1.0,75,0.009188361408882018,0.003828483920367498,0.015313935681470103,tie,llm_required,,2.012
ok,31006,0.3,False,0.0,0.6171003717472119,0.7661082474226805,0.8630423944170001,0.6960687229558269,807,6208,1710,0.7467836257309941,0.9590643274853801,0.7397660818713451,1.0,75,0.007017543859649034,0.0029239766081871066,0.011695906432748537,tie,llm_required,,2.754
ok,31007,0.3,False,0.0,0.5975757575757575,0.7734208117180348,0.8619680317853763,0.684977863365224,825,6554,1878,0.7657082002129926,0.9659211927582535,0.7614483493077743,1.0,75,0.004259850905218299,0.0010649627263046302,0.007987220447284282,tie,llm_required,,3.92
ok,31008,0.3,False,0.0,0.6411837237977805,0.7853367433930094,0.8743072517116582,0.674201490451057,811,5865,1607,0.7560672059738643,0.9589296826384568,0.7523335407591786,1.0,75,0.0037336652146857663,-0.001244555071561959,0.009334163036714305,tie,llm_required,,2.368
ok,31009,0.3,False,0.0,0.6463878326996197,0.7977710233029381,0.8786928080686013,0.6998543888496342,789,4935,1508,0.7619363395225465,0.9615384615384616,0.7579575596816976,1.0,75,0.003978779840848823,-0.0006631299734747298,0.008620689655172487,tie,llm_required,,2.188
ok,31010,0.3,False,0.0,0.6277278562259306,0.8038809831824062,0.8709658274411557,0.6784591514292739,779,7730,1937,0.7816210635002582,0.9654104284976768,0.7769747031491998,1.0,75,0.004646360351058365,0.0005162622612286949,0.008776458440887924,tie,llm_required,,3.77
ok,31011,0.3,False,0.0,0.6231884057971014,0.7980069598228409,0.8713921393315558,0.6920385762225338,828,6322,1613,0.7761934283942964,0.9621822690638562,0.7675139491630503,1.0,75,0.008679479231246123,0.004339739615623062,0.013639181649101051,tie,llm_required,,2.801
ok,31012,0.3,False,0.0,0.6258503401360545,0.7820020222446916,0.8658879807916242,0.6512273366159604,735,4945,1305,0.7440613026819923,0.9532567049808429,0.7379310344827587,1.0,75,0.006130268199233679,0.0,0.01226053639846747,tie,llm_required,,2.157
ok,31013,0.3,False,0.0,0.6248382923673997,0.7643402592789913,0.8659112266383101,0.6547368970612187,773,5631,1524,0.7513123359580053,0.9573490813648294,0.7486876640419947,1.0,75,0.002624671916010568,-0.0006561679790026975,0.006561679790026198,tie,llm_required,,2.369
ok,31014,0.3,False,0.0,0.5693069306930693,0.769069069069069,0.8551093939307404,0.6503195429368888,808,6660,1697,0.7754861520329994,0.9646434885091337,0.7760754272245138,1.0,75,-0.0005892751915144157,-0.004124926340601021,0.0029463759575720783,tie,llm_required,,3.896
ok,31015,0.3,False,0.0,0.5793548387096774,0.7572200772200772,0.8559991003291788,0.6605889102139864,775,6475,1715,0.7877551020408163,0.9644314868804664,0.7842565597667639,1.0,75,0.0034985422740524408,-0.0005830903790088326,0.008163265306122436,tie,llm_required,,2.507
ok,31016,0.3,False,0.0,0.6172680412371134,0.7646478595383704,0.8671006026216804,0.6860308392475821,776,5069,1333,0.7434358589647412,0.9534883720930233,0.72768192048012,1.0,75,0.015753938484621144,0.00900225056264059,0.023255813953488413,tie,llm_required,,2.111
ok,31017,0.3,False,0.0,0.6027397260273972,0.7931179775280899,0.8639020164750925,0.6930725715471328,803,7120,1859,0.799354491662184,0.9725658956428187,0.7955890263582571,1.0,75,0.0037654653039268515,-0.0010758472296933386,0.008606777837547042,tie,llm_required,,3.7
ok,31018,0.3,False,0.0,0.614441416893733,0.7535700501736781,0.8627291205232358,0.6569520247436686,734,5182,1339,0.736370425690814,0.9529499626587006,0.7341299477221808,1.0,75,0.0022404779686332477,-0.0014936519790889058,0.005974607916355512,tie,llm_required,,2.545
ok,31019,0.3,False,0.0,0.6194125159642401,0.7916241062308478,0.8685311285364332,0.6973390917265145,783,4895,1298,0.7442218798151001,0.9352850539291218,0.7434514637904468,1.0,75,0.0007704160246533309,-0.0038520801232665436,0.006163328197226425,tie,llm_required,,2.098
ok,31020,0.3,False,0.0,0.590728476821192,0.7587356628434249,0.8613160847435819,0.6717518923816216,755,7498,1983,0.7609682299546142,0.9717599596570852,0.7579425113464447,1.0,75,0.00302571860816947,0.0005042864346949116,0.006051437216338829,tie,llm_required,,3.237
ok,31001,0.3,True,0.3,0.6485013623978202,0.7451217406320152,0.8736066611462524,0.6834978080654457,734,5791,1628,0.5681818181818182,0.7647420147420148,0.6842751842751843,1.0,75,-0.11609336609336607,-0.13267813267813267,-0.09950859950859947,retrieval,llm_required,,4.443
ok,31002,0.3,True,0.3,0.5838587641866331,0.7581540596807772,0.8533421029156207,0.6662233162026351,793,5764,1513,0.5783212161269002,0.7521480502313285,0.7032385988103106,1.0,75,-0.12491738268341035,-0.1414408460013219,-0.10905485789821545,retrieval,llm_required,,2.938
ok,31003,0.3,True,0.3,0.6297760210803689,0.7751507457949858,0.8754269853959231,0.6611428209308967,759,6302,1646,0.5722964763061968,0.7284325637910085,0.7290400972053463,1.0,75,-0.1567436208991495,-0.17557715674362084,-0.1391251518833535,retrieval,llm_required,,3.57
ok,31004,0.3,True,0.3,0.5887290167865707,0.8065113408424626,0.8593674010866181,0.6804402173333133,834,6481,1733,0.5741488747836122,0.7201384881708021,0.740334679746105,1.0,75,-0.1661858049624928,-0.18465089440276983,-0.14829774956722452,retrieval,llm_required,,4.218
ok,31005,0.3,True,0.3,0.6105417276720352,0.7839292579777009,0.862278423246493,0.704482645040077,683,5202,1306,0.55895865237366,0.718989280245023,0.6875957120980092,1.0,75,-0.12863705972434913,-0.14931087289433376,-0.10796324655436451,retrieval,llm_required,,2.537
ok,31006,0.3,True,0.3,0.6171003717472119,0.7661082474226805,0.8630423944170001,0.6960687229558269,807,6208,1710,0.5555555555555556,0.735672514619883,0.6795321637426901,1.0,75,-0.12397660818713452,-0.14035087719298245,-0.10701754385964912,retrieval,llm_required,,4.046
ok,31007,0.3,True,0.3,0.5975757575757575,0.7734208117180348,0.8619680317853763,0.684977863365224,825,6554,1878,0.560702875399361,0.722577209797657,0.7023429179978701,1.0,75,-0.14164004259850904,-0.15761448349307772,-0.12566560170394037,retrieval,llm_required,,4.329
ok,31008,0.3,True,0.3,0.6411837237977805,0.7853367433930094,0.8743072517116582,0.674201490451057,811,5865,1607,0.5420037336652147,0.7249533291848165,0.7000622277535781,1.0,75,-0.15805849408836337,-0.17548226509023024,-0.13939016801493465,retrieval,llm_required,,2.901
ok,31009,0.3,True,0.3,0.6463878326996197,0.7977710233029381,0.8786928080686013,0.6998543888496342,789,4935,1508,0.5517241379310345,0.71684350132626,0.7148541114058355,1.0,75,-0.16312997347480107,-0.18236074270557034,-0.14323607427055696,retrieval,llm_required,,4.361
ok,31010,0.3,True,0.3,0.6277278562259306,0.8038809831824062,0.8709658274411557,0.6784591514292739,779,7730,1937,0.610738255033557,0.7589055240061952,0.7418688693856479,1.0,75,-0.13113061435209084,-0.14610221992772332,-0.11461022199277238,retrieval,llm_required,,4.078
ok,31011,0.3,True,0.3,0.6231884057971014,0.7980069598228409,0.8713921393315558,0.6920385762225338,828,6322,1613,0.5759454432734036,0.7247365158090514,0.7191568505889646,1.0,75,-0.14321140731556103,-0.161810291382517,-0.12399256044637319,retrieval,llm_required,,3.285
ok,31012,0.3,True,0.3,0.6258503401360545,0.7820020222446916,0.8658879807916242,0.6512273366159604,735,4945,1305,0.5272030651340996,0.6919540229885057,0.6865900383141762,1.0,75,-0.15938697318007655,-0.18084291187739465,-0.13793103448275867,retrieval,llm_required,,3.699
ok,31013,0.3,True,0.3,0.6248382923673997,0.7643402592789913,0.8659112266383101,0.6547368970612187,773,5631,1524,0.520997375328084,0.6988188976377953,0.687007874015748,1.0,75,-0.16601049868766404,-0.18503937007874016,-0.14698162729658792,retrieval,llm_required,,2.925
ok,31014,0.3,True,0.3,0.5693069306930693,0.769069069069069,0.8551093939307404,0.6503195429368888,808,6660,1697,0.5615792575132587,0.7177371832645846,0.7360047142015321,1.0,75,-0.17442545668827347,-0.19446081319976438,-0.1561579257513258,retrieval,llm_required,,11.581
ok,31015,0.3,True,0.3,0.5793548387096774,0.7572200772200772,0.8559991003291788,0.6605889102139864,775,6475,1715,0.5784256559766764,0.7212827988338193,0.7236151603498542,1.0,75,-0.1451895043731778,-0.16326530612244894,-0.1282798833819242,retrieval,llm_required,,10.012
ok,31016,0.3,True,0.3,0.6172680412371134,0.7646478595383704,0.8671006026216804,0.6860308392475821,776,5069,1333,0.5191297824456114,0.6864216054013503,0.6661665416354089,1.0,75,-0.14703675918979753,-0.16804201050262568,-0.12603150787696926,retrieval,llm_required,,4.5
ok,31017,0.3,True,0.3,0.6027397260273972,0.7931179775280899,0.8639020164750925,0.6930725715471328,803,7120,1859,0.6121570736955352,0.7590102205486821,0.7461000537923614,1.0,75,-0.13394298009682626,-0.15061861215707373,-0.11780527165142551,retrieval,llm_required,,4.639
ok,31018,0.3,True,0.3,0.614441416893733,0.7535700501736781,0.8627291205232358,0.6569520247436686,734,5182,1339,0.5436893203883495,0.7356235997012696,0.6773711725168036,1.0,75,-0.13368185212845407,-0.15235250186706495,-0.11501120238984319,retrieval,llm_required,,3.436
ok,31019,0.3,True,0.3,0.6194125159642401,0.7916241062308478,0.8685311285364332,0.6973390917265145,783,4895,1298,0.5208012326656395,0.6825885978428351,0.6756548536209553,1.0,75,-0.15485362095531585,-0.17565485362095534,-0.13559322033898302,retrieval,llm_required,,3.793
ok,31020,0.3,True,0.3,0.590728476821192,0.7587356628434249,0.8613160847435819,0.6717518923816216,755,7498,1983,0.5688350983358548,0.7453353504790721,0.7130610186585981,1.0,75,-0.14422592032274328,-0.16036308623298035,-0.12758446797781142,retrieval,llm_required,,4.497
ok,31001,0.5,False,0.0,0.7017114914425427,0.798710271764164,0.8990044841993244,0.7098299322721409,818,6513,1676,0.7822195704057279,0.9695704057279236,0.7798329355608592,1.0,75,0.0023866348448686736,-0.0011933174224344478,0.005966587112171906,tie,retrieval,,3.764
ok,31002,0.5,False,0.0,0.705655526992288,0.8276472481493402,0.8996945392220089,0.724864793896237,778,6214,1573,0.8486967577876668,0.9663064208518753,0.8442466624284806,1.0,75,0.004450095359186279,0.0,0.009535918626827788,tie,retrieval,,2.816
ok,31003,0.5,False,0.0,0.7192755498059509,0.781000295945546,0.9067205574609563,0.6788195932302332,773,6758,1764,0.7993197278911565,0.963718820861678,0.7970521541950113,1.0,75,0.0022675736961451642,-0.001700680272108901,0.006802721088435271,tie,retrieval,,2.59
ok,31004,0.5,False,0.0,0.7270233196159122,0.8520990312163617,0.9051574279553823,0.7095343863097994,729,4645,1309,0.812070282658518,0.9442322383498855,0.8090145148968678,1.0,75,0.0030557677616501744,-0.0015278838808250317,0.007639419404125269,tie,retrieval,,3.148
ok,31005,0.5,False,0.0,0.6777777777777778,0.8573171723745221,0.8954264861733755,0.7385083131397979,810,12293,2899,0.8644360124180752,0.9734391169368748,0.8630562262849258,1.0,75,0.0013797861331493744,-0.0010348395998620585,0.004139358399448012,tie,llm_required,,4.926
ok,31006,0.5,False,0.0,0.6724782067247821,0.7988569321533924,0.8848462218924816,0.6664564121162802,803,5424,1425,0.7733333333333333,0.9585964912280702,0.7642105263157895,1.0,75,0.009122807017543866,0.002105263157894721,0.01614035087719301,tie,llm_required,,2.181
ok,31007,0.5,False,0.0,0.7014341590612777,0.8169135377196004,0.8996605459540777,0.7297074921280877,767,5806,1479,0.8073022312373225,0.9519945909398242,0.8045977011494253,1.0,75,0.0027045300878971723,-0.0020283975659228792,0.007437457741717446,tie,retrieval,,3.381
ok,31008,0.5,False,0.0,0.6586538461538461,0.8245478036175711,0.8814476702252741,0.7372424759013021,832,7740,2100,0.8523809523809524,0.9671428571428572,0.8452380952380952,1.0,75,0.0071428571428571175,0.0033333333333332993,0.011428571428571455,tie,llm_required,,3.617
ok,31009,0.5,False,0.0,0.7188703465982028,0.7807047553882996,0.9033265136064247,0.7072031853720026,779,5846,1618,0.7892459826946848,0.9660074165636588,0.7750309023485785,1.0,75,0.014215080346106301,0.008034610630408001,0.020395550061804713,tie,retrieval,,2.619
ok,31010,0.5,False,0.0,0.6897810218978102,0.792225201072386,0.8935878060735938,0.692034866504622,822,6714,1862,0.817937701396348,0.9715359828141783,0.8131041890440387,1.0,75,0.004833512352309333,0.0,0.009667024704618665,tie,llm_required,,3.927
ok,31011,0.5,False,0.0,0.7037037037037037,0.8499182287080136,0.8952772322180982,0.7236784685927378,837,7949,2080,0.85625,0.9769230769230769,0.8504807692307692,1.0,75,0.005769230769230749,0.0028846153846153744,0.009134615384615352,tie,retrieval,,3.54
ok,31012,0.5,False,0.0,0.6784869976359338,0.786033117350612,0.8905478484115184,0.7194341166776257,846,6945,1878,0.805111821086262,0.9696485623003195,0.8008519701810437,1.0,75,0.004259850905218299,0.0010649627263045192,0.007987220447284393,tie,llm_required,,2.667
ok,31013,0.5,False,0.0,0.6971649484536082,0.8173584905660377,0.8922628006414032,0.6797288518853954,776,5300,1398,0.8140200286123033,0.9635193133047211,0.8054363376251789,1.0,75,0.008583690987124415,0.0028612303290415086,0.014306151645207432,tie,llm_required,,2.94
ok,31014,0.5,False,0.0,0.6911764705882353,0.8335714285714285,0.8971662530008155,0.7279358056478675,816,7000,2003,0.8447329006490265,0.9750374438342486,0.835247129306041,1.0,75,0.00948577134298556,0.005491762356465313,0.013979031452820756,tie,llm_required,,3.214
ok,31015,0.5,False,0.0,0.6938271604938272,0.8311906764387841,0.8999029205893831,0.69037688723085,810,8323,2165,0.8337182448036952,0.9713625866050808,0.828175519630485,1.0,75,0.0055427251732101945,0.0027713625866050418,0.00877598152424941,tie,llm_required,,3.508
ok,31016,0.5,False,0.0,0.6670533642691415,0.8436414176511466,0.8929404696397382,0.7213201539682607,862,7195,1920,0.8375,0.9713541666666666,0.8359375,1.0,75,0.0015625000000000222,-0.0015625000000000222,0.004687499999999956,tie,llm_required,,4.708
ok,31017,0.5,False,0.0,0.7110849056603774,0.8351914687348522,0.9002441215247706,0.6854523675737044,848,6189,1625,0.8566153846153847,0.9673846153846154,0.8578461538461538,1.0,75,-0.0012307692307691465,-0.005538461538461603,0.002461538461538515,tie,retrieval,,3.701
ok,31018,0.5,False,0.0,0.6794701986754967,0.8079154312234111,0.8951413377616619,0.7384177643179082,755,7757,1950,0.8266666666666667,0.9758974358974359,0.821025641025641,1.0,75,0.005641025641025643,0.002564102564102555,0.009743589743589687,tie,llm_required,,2.802
ok,31019,0.5,False,0.0,0.7237354085603113,0.8469823584029712,0.9058179709641396,0.7275629155962808,771,5385,1316,0.810790273556231,0.9437689969604863,0.8069908814589666,1.0,75,0.0037993920972644313,-0.0007598784194529085,0.00911854103343468,tie,retrieval,,3.379
ok,31020,0.5,False,0.0,0.7060367454068242,0.7879499217527387,0.8953614211577519,0.7070696741121354,762,5112,1349,0.7850259451445515,0.9673832468495182,0.7761304670126019,1.0,75,0.008895478131949575,0.004447739065974732,0.014084507042253502,tie,retrieval,,2.117
ok,31001,0.5,True,0.3,0.7017114914425427,0.798710271764164,0.8990044841993244,0.7098299322721409,818,6513,1676,0.584128878281623,0.7356801909307876,0.736873508353222,1.0,75,-0.152744630071599,-0.1706443914081146,-0.13424821002386633,retrieval,retrieval,True,3.187
ok,31002,0.5,True,0.3,0.705655526992288,0.8276472481493402,0.8996945392220089,0.724864793896237,778,6214,1573,0.6681500317863954,0.7819453273998729,0.7991099809281628,1.0,75,-0.13095994914176734,-0.14812460267005723,-0.11315956770502222,retrieval,retrieval,True,4.374
ok,31003,0.5,True,0.3,0.7192755498059509,0.781000295945546,0.9067205574609563,0.6788195932302332,773,6758,1764,0.5901360544217688,0.7273242630385488,0.7494331065759637,1.0,75,-0.15929705215419498,-0.17743764172335597,-0.14172335600907027,retrieval,retrieval,True,3.347
ok,31004,0.5,True,0.3,0.7270233196159122,0.8520990312163617,0.9051574279553823,0.7095343863097994,729,4645,1309,0.6042780748663101,0.7112299465240641,0.7662337662337663,1.0,75,-0.16195569136745613,-0.18411000763941932,-0.14132925897631776,retrieval,retrieval,True,2.546
ok,31005,0.5,True,0.3,0.6777777777777778,0.8573171723745221,0.8954264861733755,0.7385083131397979,810,12293,2899,0.697136943773715,0.7951017592273197,0.8344256640220766,1.0,75,-0.13728872024836158,-0.1510865815798551,-0.12521559158330453,retrieval,llm_required,,8.089
ok,31006,0.5,True,0.3,0.6724782067247821,0.7988569321533924,0.8848462218924816,0.6664564121162802,803,5424,1425,0.5382456140350877,0.696140350877193,0.6996491228070175,1.0,75,-0.16140350877192977,-0.18175438596491234,-0.14105263157894743,retrieval,llm_required,,2.852
ok,31007,0.5,True,0.3,0.7014341590612777,0.8169135377196004,0.8996605459540777,0.7297074921280877,767,5806,1479,0.6159567275185936,0.7403651115618661,0.7579445571331981,1.0,75,-0.14198782961460443,-0.16159567275185938,-0.1223799864773496,retrieval,retrieval,True,4.09
ok,31008,0.5,True,0.3,0.6586538461538461,0.8245478036175711,0.8814476702252741,0.7372424759013021,832,7740,2100,0.6061904761904762,0.7119047619047619,0.770952380952381,1.0,75,-0.16476190476190478,-0.1819047619047619,-0.14809523809523806,retrieval,llm_required,,4.625
ok,31009,0.5,True,0.3,0.7188703465982028,0.7807047553882996,0.9033265136064247,0.7072031853720026,779,5846,1618,0.6019777503090235,0.7583436341161929,0.7255871446229913,1.0,75,-0.12360939431396789,-0.14153275648949315,-0.10568603213844252,retrieval,retrieval,True,4.199
ok,31010,0.5,True,0.3,0.6897810218978102,0.792225201072386,0.8935878060735938,0.692034866504622,822,6714,1862,0.6041890440386681,0.7314715359828142,0.7728249194414608,1.0,75,-0.16863587540279268,-0.1874328678839956,-0.15091299677765846,retrieval,llm_required,,3.513
ok,31011,0.5,True,0.3,0.7037037037037037,0.8499182287080136,0.8952772322180982,0.7236784685927378,837,7949,2080,0.6451923076923077,0.74375,0.8009615384615385,1.0,75,-0.15576923076923077,-0.17163461538461544,-0.1399038461538462,retrieval,retrieval,True,5.422
ok,31012,0.5,True,0.3,0.6784869976359338,0.786033117350612,0.8905478484115184,0.7194341166776257,846,6945,1878,0.5702875399361023,0.7209797657082002,0.7332268370607029,1.0,75,-0.16293929712460065,-0.18051118210862616,-0.14536741214057514,retrieval,llm_required,,4.244
ok,31013,0.5,True,0.3,0.6971649484536082,0.8173584905660377,0.8922628006414032,0.6797288518853954,776,5300,1398,0.5937052932761088,0.7217453505007153,0.7625178826895566,1.0,75,-0.1688125894134478,-0.19027181688125894,-0.148068669527897,retrieval,llm_required,,2.66
ok,31014,0.5,True,0.3,0.6911764705882353,0.8335714285714285,0.8971662530008155,0.7279358056478675,816,7000,2003,0.6055916125811283,0.7234148776834748,0.7748377433849226,1.0,75,-0.16924613080379436,-0.1867199201198202,-0.15227159261108336,retrieval,llm_required,,5.168
ok,31015,0.5,True,0.3,0.6938271604938272,0.8311906764387841,0.8999029205893831,0.69037688723085,810,8323,2165,0.6484988452655889,0.76905311778291,0.7778290993071594,1.0,75,-0.1293302540415705,-0.14411085450346417,-0.11454965357967661,retrieval,llm_required,,4.882
ok,31016,0.5,True,0.3,0.6670533642691415,0.8436414176511466,0.8929404696397382,0.7213201539682607,862,7195,1920,0.6354166666666666,0.740625,0.790625,1.0,75,-0.1552083333333334,-0.1713541666666667,-0.13750000000000007,retrieval,llm_required,,5.464
ok,31017,0.5,True,0.3,0.7110849056603774,0.8351914687348522,0.9002441215247706,0.6854523675737044,848,6189,1625,0.6098461538461538,0.7015384615384616,0.8178461538461539,1.0,75,-0.20800000000000007,-0.22830769230769232,-0.1876923076923077,retrieval,retrieval,True,3.018
ok,31018,0.5,True,0.3,0.6794701986754967,0.8079154312234111,0.8951413377616619,0.7384177643179082,755,7757,1950,0.6435897435897436,0.7784615384615384,0.7728205128205128,1.0,75,-0.12923076923076915,-0.14564102564102555,-0.11435897435897435,retrieval,llm_required,,4.842
ok,31019,0.5,True,0.3,0.7237354085603113,0.8469823584029712,0.9058179709641396,0.7275629155962808,771,5385,1316,0.5911854103343465,0.7066869300911854,0.7553191489361702,1.0,75,-0.1641337386018238,-0.18389057750759885,-0.1413373860182371,retrieval,retrieval,True,3.024
ok,31020,0.5,True,0.3,0.7060367454068242,0.7879499217527387,0.8953614211577519,0.7070696741121354,762,5112,1349,0.5455893254262416,0.7079318013343218,0.7057079318013343,1.0,75,-0.16011860637509268,-0.1808747220163084,-0.13936249073387696,retrieval,retrieval,True,2.624
ok,31001,0.75,False,0.0,0.7942583732057417,0.8535869109215495,0.9297884065865439,0.7633247355917087,836,7151,2012,0.8876739562624254,0.9622266401590457,0.8841948310139165,1.0,75,0.0034791252485089075,0.0009940357852882276,0.006461232604373812,tie,retrieval,,3.054
ok,31002,0.75,False,0.0,0.8027638190954773,0.8491914893617021,0.9342743117448051,0.7561927910286589,796,5875,1424,0.8637640449438202,0.9655898876404494,0.8581460674157303,1.0,75,0.005617977528089901,0.001404494382022503,0.010533707865168496,tie,retrieval,,3.305
ok,31003,0.75,False,0.0,0.8168674698795181,0.9014566514566514,0.9446077838552992,0.7623798874586935,830,11396,3513,0.9313976658126957,0.9849131796185596,0.9288357529177341,1.0,75,0.002561912894961549,0.000284656988329135,0.00455451181326505,tie,retrieval,,4.914
ok,31004,0.75,False,0.0,0.8110137672090113,0.8738140417457305,0.9361284611381223,0.7351451390942039,799,5270,1381,0.8855901520637219,0.9580014482259233,0.8776249094858798,1.0,75,0.007965242577842147,0.0014482259232440065,0.014482259232440287,tie,retrieval,,3.163
ok,31005,0.75,False,0.0,0.7896138482023968,0.8652919121585431,0.9327963006109772,0.755864899861949,751,7468,1886,0.8944856839872747,0.9708377518557795,0.8881230116648993,1.0,75,0.006362672322375418,0.002651113467656452,0.010604453870625585,tie,retrieval,,2.948
ok,31006,0.75,False,0.0,0.7977386934673367,0.8623087621696801,0.9336562906786869,0.7632341610535109,796,9347,2353,0.9107522311942201,0.9719507012324692,0.9073523161920952,1.0,75,0.003399915002124887,-0.0004249893752655831,0.007224819379515468,tie,retrieval,,3.768
ok,31007,0.75,False,0.0,0.7910085054678008,0.8696688741721854,0.936593177954499,0.7850556251978352,823,7550,2097,0.8927038626609443,0.9732951835956127,0.8874582737243681,1.0,75,0.005245588936576118,0.0014306151645206988,0.009060562708631426,tie,retrieval,,4.72
ok,31008,0.75,False,0.0,0.807843137254902,0.8411278068546345,0.937991655570842,0.7215244912840574,765,5923,1650,0.8642424242424243,0.9466666666666667,0.8557575757575757,1.0,75,0.00848484848484854,0.004242424242424159,0.013333333333333308,tie,retrieval,,2.382
ok,31009,0.75,False,0.0,0.7843406593406593,0.8746902654867257,0.9314325459359541,0.8066347072145851,728,8475,2263,0.8974812196199735,0.9752540874944764,0.8926204153778171,1.0,75,0.004860804242156402,0.0017675651789659241,0.008395934600088362,tie,retrieval,,3.559
ok,31010,0.75,False,0.0,0.7941176470588235,0.8633963549650826,0.9329117608375778,0.7775656128067091,748,5871,1609,0.8707271597265382,0.9602237414543194,0.8663766314481044,1.0,75,0.004350528278433852,0.0006215040397762328,0.008701056556867592,tie,retrieval,,3.7
ok,31011,0.75,False,0.0,0.7982989064398542,0.8762076516810512,0.935945740593657,0.7620463306034083,823,7763,1978,0.903437815975733,0.9772497472194136,0.8993933265925177,1.0,75,0.004044489383215333,0.0005055611729019027,0.008088978766430777,tie,retrieval,,2.801
ok,31012,0.75,False,0.0,0.8022959183673469,0.8518029073060223,0.9326888509924837,0.7157362966381652,784,5297,1370,0.8905109489051095,0.9656934306569344,0.8795620437956204,1.0,75,0.010948905109489093,0.005109489051094873,0.016788321167883202,tie,retrieval,,2.24
ok,31013,0.75,False,0.0,0.8022670025188917,0.8707196029776675,0.9341885157769502,0.7444127048789921,794,8060,2204,0.9015426497277677,0.9696007259528131,0.9006352087114338,1.0,75,0.0009074410163338875,-0.0013611615245009423,0.0031760435571687173,tie,retrieval,,5.187
ok,31014,0.75,False,0.0,0.8076923076923077,0.8625745950554135,0.9372973173003051,0.7707212423901956,806,5865,1561,0.8866111467008329,0.9666880204996797,0.8712363869314542,1.0,75,0.015374759769378632,0.009609224855861576,0.022421524663677084,tie,retrieval,,2.392
ok,31015,0.75,False,0.0,0.7972027972027972,0.8651195499296765,0.9361639960146658,0.7542394575300674,858,7110,1814,0.9051819184123484,0.9768467475192943,0.8980154355016539,1.0,75,0.007166482910694549,0.0022050716648291946,0.012127894156560126,tie,retrieval,,2.609
ok,31016,0.75,False,0.0,0.7897310513447433,0.8832356389214537,0.9304786718035974,0.7639705462712639,818,8530,2364,0.9238578680203046,0.9741962774957699,0.9204737732656514,1.0,75,0.0033840947546531774,0.0004230118443316888,0.006345177664974666,tie,retrieval,,5.136
ok,31017,0.75,False,0.0,0.8056580565805658,0.8701465927099842,0.9384531783755226,0.7614542122672981,813,10096,2668,0.9152923538230885,0.9726386806596702,0.9130434782608695,1.0,75,0.002248875562218977,-0.00037481259370319986,0.005247376311844132,tie,retrieval,,4.124
ok,31018,0.75,False,0.0,0.7731673582295989,0.8642834546029737,0.9311296352622913,0.771989073007568,723,9483,2397,0.8769294952023362,0.9803921568627451,0.8723404255319149,1.0,75,0.004589069670421275,0.0020859407592824786,0.007509386733416834,tie,retrieval,,4.977
ok,31019,0.75,False,0.0,0.7973333333333333,0.8954184483811851,0.9343071666304574,0.7626925267486067,750,8185,2044,0.9187866927592955,0.974559686888454,0.9143835616438356,1.0,75,0.0044031311154598685,0.0009784735812132794,0.007827788649706457,tie,retrieval,,2.837
ok,31020,0.75,False,0.0,0.7818411097099621,0.8358391608391609,0.9275847571572294,0.7447661491222293,793,5720,1504,0.9049202127659575,0.9621010638297872,0.9009308510638298,1.0,75,0.003989361702127714,-0.0019946808510638014,0.00997340425531923,tie,retrieval,,2.235
ok,31001,0.75,True,0.3,0.7942583732057417,0.8535869109215495,0.9297884065865439,0.7633247355917087,836,7151,2012,0.628727634194831,0.7072564612326043,0.831013916500994,1.0,75,-0.20228628230616297,-0.22117296222664007,-0.18339960238568598,retrieval,retrieval,True,4.807
ok,31002,0.75,True,0.3,0.8027638190954773,0.8491914893617021,0.9342743117448051,0.7561927910286589,796,5875,1424,0.6573033707865169,0.7478932584269663,0.8160112359550562,1.0,75,-0.1587078651685393,-0.1783707865168539,-0.1383426966292135,retrieval,retrieval,True,3.007
ok,31003,0.75,True,0.3,0.8168674698795181,0.9014566514566514,0.9446077838552992,0.7623798874586935,830,11396,3513,0.7207514944491887,0.771420438371762,0.8935382863649303,1.0,75,-0.17278679191574153,-0.18531169940222036,-0.1602618844292627,retrieval,retrieval,True,9.234
ok,31004,0.75,True,0.3,0.8110137672090113,0.8738140417457305,0.9361284611381223,0.7351451390942039,799,5270,1381,0.6415640839971035,0.7146994931209268,0.8167994207096307,1.0,75,-0.17523533671252722,-0.19695872556118754,-0.1535119478638668,retrieval,retrieval,True,2.794
ok,31005,0.75,True,0.3,0.7896138482023968,0.8652919121585431,0.9327963006109772,0.755864899861949,751,7468,1886,0.6866383881230117,0.7550371155885471,0.8446447507953341,1.0,75,-0.15800636267232238,-0.1755037115588547,-0.14156945917285257,retrieval,retrieval,True,4.704
ok,31006,0.75,True,0.3,0.7977386934673367,0.8623087621696801,0.9336562906786869,0.7632341610535109,796,9347,2353,0.7169570760730982,0.7662558436039099,0.8627284317892052,1.0,75,-0.145771355716107,-0.16234594135146618,-0.13089672758181048,retrieval,retrieval,True,5.403
ok,31007,0.75,True,0.3,0.7910085054678008,0.8696688741721854,0.936593177954499,0.7850556251978352,823,7550,2097,0.6661897949451597,0.7491654744873629,0.8354792560801144,1.0,75,-0.1692894611349547,-0.18645684310920363,-0.15259895088221265,retrieval,retrieval,True,5.971
ok,31008,0.75,True,0.3,0.807843137254902,0.8411278068546345,0.937991655570842,0.7215244912840574,765,5923,1650,0.6363636363636364,0.7206060606060606,0.806060606060606,1.0,75,-0.16969696969696968,-0.18848484848484848,-0.14969696969696966,retrieval,retrieval,True,3.356
ok,31009,0.75,True,0.3,0.7843406593406593,0.8746902654867257,0.9314325459359541,0.8066347072145851,728,8475,2263,0.6654882898806893,0.7300044189129474,0.8528501988510826,1.0,75,-0.1873619089703933,-0.20371188687582853,-0.1696862571807336,retrieval,retrieval,True,7.373
ok,31010,0.75,True,0.3,0.7941176470588235,0.8633963549650826,0.9329117608375778,0.7775656128067091,748,5871,1609,0.6165320074580485,0.7035425730267246,0.8023617153511498,1.0,75,-0.18582970789310127,-0.20633934120571784,-0.1671845866998135,retrieval,retrieval,True,3.105
ok,31011,0.75,True,0.3,0.7982989064398542,0.8762076516810512,0.935945740593657,0.7620463306034083,823,7763,1978,0.6663296258847321,0.737108190091001,0.8432760364004045,1.0,75,-0.1769464105156724,-0.19514661274014156,-0.15925176946410524,retrieval,retrieval,True,5.14
ok,31012,0.75,True,0.3,0.8022959183673469,0.8518029073060223,0.9326888509924837,0.7157362966381652,784,5297,1370,0.6576642335766424,0.7145985401459855,0.8204379562043795,1.0,75,-0.16277372262773715,-0.18467153284671534,-0.14160583941605842,retrieval,retrieval,True,4.316
ok,31013,0.75,True,0.3,0.8022670025188917,0.8707196029776675,0.9341885157769502,0.7444127048789921,794,8060,2204,0.6901088929219601,0.7490925589836661,0.8697822141560798,1.0,75,-0.17967332123411972,-0.1960072595281307,-0.16333938294010886,retrieval,retrieval,True,7.807
ok,31014,0.75,True,0.3,0.8076923076923077,0.8625745950554135,0.9372973173003051,0.7707212423901956,806,5865,1561,0.6239590006406149,0.700832799487508,0.8289557975656631,1.0,75,-0.20499679692504813,-0.2267777065983344,-0.18385650224215255,retrieval,retrieval,True,3.017
ok,31015,0.75,True,0.3,0.7972027972027972,0.8651195499296765,0.9361639960146658,0.7542394575300674,858,7110,1814,0.6730981256890849,0.7375964718853363,0.8395810363836824,1.0,75,-0.16648291069459753,-0.1846747519294376,-0.14718853362734285,retrieval,retrieval,True,5.036
ok,31016,0.75,True,0.3,0.7897310513447433,0.8832356389214537,0.9304786718035974,0.7639705462712639,818,8530,2364,0.7093908629441624,0.7584602368866328,0.8735194585448393,1.0,75,-0.16412859560067683,-0.17893401015228427,-0.14847715736040612,retrieval,retrieval,True,5.374
ok,31017,0.75,True,0.3,0.8056580565805658,0.8701465927099842,0.9384531783755226,0.7614542122672981,813,10096,2668,0.7136431784107946,0.7706146926536732,0.8669415292353823,1.0,75,-0.15329835082458765,-0.16791604197901056,-0.13980509745127434,retrieval,retrieval,True,7.089
ok,31018,0.75,True,0.3,0.7731673582295989,0.8642834546029737,0.9311296352622913,0.771989073007568,723,9483,2397,0.6562369628702545,0.7509386733416771,0.8377138089278264,1.0,75,-0.18147684605757197,-0.19774718397997504,-0.16562369628702545,retrieval,retrieval,True,6.068
ok,31019,0.75,True,0.3,0.7973333333333333,0.8954184483811851,0.9343071666304574,0.7626925267486067,750,8185,2044,0.702054794520548,0.7671232876712328,0.87426614481409,1.0,75,-0.17221135029354206,-0.1903131115459883,-0.15557729941291587,retrieval,retrieval,True,4.733
ok,31020,0.75,True,0.3,0.7818411097099621,0.8358391608391609,0.9275847571572294,0.7447661491222293,793,5720,1504,0.6642287234042553,0.7214095744680851,0.8537234042553191,1.0,75,-0.1894946808510638,-0.21077127659574468,-0.16954787234042545,retrieval,retrieval,True,2.84
ok,31001,1.0,False,0.0,0.9111389236545682,0.9241741741741741,0.9729638102278331,0.8058916761094416,799,5328,1362,0.9441997063142438,0.9559471365638766,0.9361233480176211,1.0,75,0.008076358296622677,0.002936857562408246,0.013950073421439058,tie,rules,,3.877
ok,31002,1.0,False,0.0,0.901219512195122,0.8931636578869488,0.969001605702788,0.7767253202872462,820,6758,1753,0.9606389047347405,0.9726183685111238,0.9549343981745579,1.0,75,0.00570450656018251,0.0017113519680548306,0.01026811180832854,tie,rules,,2.711
ok,31003,1.0,False,0.0,0.9140811455847255,0.9070746316982354,0.9733541156502182,0.7849160580066057,838,6177,1688,0.9579383886255924,0.9727488151658767,0.9484597156398105,1.0,75,0.009478672985781977,0.004739336492891044,0.014810426540284305,tie,rules,,2.402
ok,31004,1.0,False,0.0,0.9201474201474201,0.9512416168207359,0.9745448443071518,0.7835773961546397,814,5517,1333,0.9362340585146287,0.959489872468117,0.9249812453113279,1.0,75,0.011252813203300849,0.005251312828207122,0.01800450112528129,tie,rules,,2.32
ok,31005,1.0,False,0.0,0.9052774018944519,0.9033280507131537,0.9696228654275086,0.7820920917337345,739,5048,1332,0.9294294294294294,0.9481981981981982,0.9166666666666666,1.0,75,0.01276276276276278,0.006006006006005982,0.020270270270270285,tie,rules,,3.207
ok,31006,1.0,False,0.0,0.9244114002478315,0.9189064659806482,0.977405311385918,0.8137439543934281,807,6511,1764,0.9489795918367347,0.9586167800453514,0.9433106575963719,1.0,75,0.005668934240362855,0.00170068027210879,0.010204081632653073,tie,rules,,2.532
ok,31007,1.0,False,0.0,0.8935361216730038,0.9135254988913526,0.9673963353910016,0.7733243316056602,789,6314,1719,0.9493891797556719,0.9604421175101804,0.941826643397324,1.0,75,0.0075625363583479155,0.002908667830133882,0.012798138452588703,tie,retrieval,,2.464
ok,31008,1.0,False,0.0,0.9033112582781457,0.925187847108788,0.9727253976783644,0.7979438426808506,755,6122,1650,0.9606060606060606,0.9709090909090909,0.9575757575757575,1.0,75,0.00303030303030305,-0.00242424242424244,0.008484848484848428,tie,rules,,3.505
ok,31009,1.0,False,0.0,0.9164383561643835,0.9292991035044825,0.9735884032238754,0.7925989760984345,730,4908,1383,0.9436008676789588,0.9595083152566883,0.9385394070860448,1.0,75,0.005061460592914013,-0.002169197396963085,0.012292118582791,tie,rules,,2.403
ok,31010,1.0,False,0.0,0.9009779951100244,0.9175607001693958,0.9684860341053867,0.7839959198416484,818,7084,1889,0.957649550026469,0.9661196400211752,0.9550026469031233,1.0,75,0.0026469031233457008,-0.001058761249338236,0.006881948120698755,tie,rules,,2.71
ok,31011,1.0,False,0.0,0.9145408163265306,0.9487117454941333,0.9758662969774127,0.8115338497508796,784,8267,2108,0.9644212523719166,0.9753320683111955,0.9606261859582542,1.0,75,0.00379506641366234,0.0004743833017077925,0.007115749525616777,tie,rules,,4.545
ok,31012,1.0,False,0.0,0.8940568475452196,0.8955223880597015,0.9677309753079075,0.7923111087397469,774,5427,1384,0.9508670520231214,0.9602601156069365,0.9393063583815029,1.0,75,0.011560693641618491,0.005057803468208055,0.018063583815028927,tie,retrieval,,6.288
ok,31013,1.0,False,0.0,0.9026217228464419,0.9183709141758434,0.969405798560421,0.774408333698324,801,5721,1497,0.9532398129592519,0.9659318637274549,0.9472277889111557,1.0,75,0.006012024048096198,0.0013360053440213404,0.011356045424181671,tie,rules,,6.233
ok,31014,1.0,False,0.0,0.9024707412223667,0.9248173882059505,0.9711929850618474,0.76674855827622,769,5613,1415,0.9434628975265018,0.9618374558303887,0.9342756183745583,1.0,75,0.009187279151943506,0.0035335689045936647,0.015547703180212036,tie,rules,,4.091
ok,31015,1.0,False,0.0,0.9099876695437731,0.9547920433996383,0.9722725733968751,0.8178231009921018,811,8848,2356,0.9647707979626485,0.9719864176570459,0.9592529711375212,1.0,75,0.005517826825127359,0.002546689303904892,0.008913412563667289,tie,rules,,6.1
ok,31016,1.0,False,0.0,0.9257592800899888,0.9267935578330894,0.9726830880779734,0.7762742735247754,889,7513,2044,0.9696673189823874,0.9784735812133072,0.9667318982387475,1.0,75,0.0029354207436399493,0.0,0.005870841487279899,tie,rules,,4.265
ok,31017,1.0,False,0.0,0.900497512437811,0.8988448666738638,0.9714161347292809,0.7950538189956093,804,9263,2350,0.9663829787234043,0.9757446808510638,0.9625531914893617,1.0,75,0.003829787234042592,0.0008510638297871687,0.007234042553191489,tie,rules,,7.175
ok,31018,1.0,False,0.0,0.9121540312876053,0.9209555594589847,0.9738819933462636,0.7924759667464798,831,5693,1434,0.9567642956764296,0.9693165969316597,0.9470013947001394,1.0,75,0.009762900976290179,0.004184100418410108,0.015341701534170138,tie,rules,,3.532
ok,31019,1.0,False,0.0,0.9092071611253197,0.8719823189391364,0.968005634339677,0.7402684603550019,782,5882,1506,0.953519256308101,0.9621513944223108,0.950199203187251,1.0,75,0.0033200531208499307,-0.0006640106241699861,0.007968127490039834,tie,rules,,5.856
ok,31020,1.0,False,0.0,0.9027595269382391,0.9068520932927713,0.9697167576307337,0.7795282047383143,761,6903,1691,0.9503252513305737,0.9586043761088113,0.9450029568302779,1.0,75,0.0053222945002957545,0.0011827321111768097,0.010053222945002882,tie,rules,,3.802
ok,31001,1.0,True,0.3,0.9111389236545682,0.9241741741741741,0.9729638102278331,0.8058916761094416,799,5328,1362,0.7055800293685757,0.7232011747430249,0.8861967694566814,1.0,75,-0.1806167400881057,-0.20411160058737154,-0.15932452276064601,retrieval,rules,False,5.519
ok,31002,1.0,True,0.3,0.901219512195122,0.8931636578869488,0.969001605702788,0.7767253202872462,820,6758,1753,0.7404449515116942,0.7672561323445521,0.8967484312606959,1.0,75,-0.15630347974900172,-0.1739874500855676,-0.13918996006845408,retrieval,rules,False,4.615
ok,31003,1.0,True,0.3,0.9140811455847255,0.9070746316982354,0.9733541156502182,0.7849160580066057,838,6177,1688,0.6889810426540285,0.7138625592417062,0.9028436018957346,1.0,75,-0.21386255924170616,-0.2340047393364929,-0.19312796208530814,retrieval,rules,False,6.133
ok,31004,1.0,True,0.3,0.9201474201474201,0.9512416168207359,0.9745448443071518,0.7835773961546397,814,5517,1333,0.6856714178544636,0.7081770442610653,0.8837209302325582,1.0,75,-0.19804951237809454,-0.22055513878469613,-0.17629407351837956,retrieval,rules,False,5.829
ok,31005,1.0,True,0.3,0.9052774018944519,0.9033280507131537,0.9696228654275086,0.7820920917337345,739,5048,1332,0.6741741741741741,0.7004504504504504,0.8551051051051051,1.0,75,-0.18093093093093093,-0.20345345345345345,-0.15915915915915912,retrieval,rules,False,4.415
ok,31006,1.0,True,0.3,0.9244114002478315,0.9189064659806482,0.977405311385918,0.8137439543934281,807,6511,1764,0.6978458049886621,0.717687074829932,0.9007936507936508,1.0,75,-0.2029478458049887,-0.2222222222222222,-0.18367346938775508,retrieval,rules,False,4.325
ok,31007,1.0,True,0.3,0.8935361216730038,0.9135254988913526,0.9673963353910016,0.7733243316056602,789,6314,1719,0.735892961023851,0.7550901687027342,0.8993600930773705,1.0,75,-0.16346713205351948,-0.18208260616637573,-0.14485165794066313,retrieval,retrieval,True,5.812
ok,31008,1.0,True,0.3,0.9033112582781457,0.925187847108788,0.9727253976783644,0.7979438426808506,755,6122,1650,0.7121212121212122,0.7357575757575757,0.896969696969697,1.0,75,-0.18484848484848482,-0.20545454545454545,-0.1648484848484849,retrieval,rules,False,4.996
ok,31009,1.0,True,0.3,0.9164383561643835,0.9292991035044825,0.9735884032238754,0.7925989760984345,730,4908,1383,0.7223427331887202,0.7469269703543022,0.8951554591467824,1.0,75,-0.17281272595806219,-0.19378163412870575,-0.151120751988431,retrieval,rules,False,5.18
ok,31010,1.0,True,0.3,0.9009779951100244,0.9175607001693958,0.9684860341053867,0.7839959198416484,818,7084,1889,0.7326627845420858,0.7543673901535204,0.9094759131815775,1.0,75,-0.17681312863949172,-0.1948120698782424,-0.15828480677607204,retrieval,rules,False,5.271
ok,31011,1.0,True,0.3,0.9145408163265306,0.9487117454941333,0.9758662969774127,0.8115338497508796,784,8267,2108,0.7239089184060721,0.7424098671726755,0.9217267552182163,1.0,75,-0.19781783681214427,-0.21489563567362435,-0.18121442125237186,retrieval,rules,False,5.071
ok,31012,1.0,True,0.3,0.8940568475452196,0.8955223880597015,0.9677309753079075,0.7923111087397469,774,5427,1384,0.7088150289017341,0.7210982658959537,0.8786127167630058,1.0,75,-0.1697976878612717,-0.19219653179190754,-0.14739884393063585,retrieval,retrieval,True,2.861
ok,31013,1.0,True,0.3,0.9026217228464419,0.9183709141758434,0.969405798560421,0.774408333698324,801,5721,1497,0.7094188376753507,0.730126920507682,0.8944555778223113,1.0,75,-0.1850367401469606,-0.2064128256513026,-0.16499665998663993,retrieval,rules,False,4.125
ok,31014,1.0,True,0.3,0.9024707412223667,0.9248173882059505,0.9711929850618474,0.76674855827622,769,5613,1415,0.6954063604240283,0.7173144876325088,0.893286219081272,1.0,75,-0.19787985865724378,-0.21908127208480566,-0.17597173144876332,retrieval,rules,False,2.713
ok,31015,1.0,True,0.3,0.9099876695437731,0.9547920433996383,0.9722725733968751,0.8178231009921018,811,8848,2356,0.7368421052631579,0.75,0.9151103565365025,1.0,75,-0.17826825127334467,-0.19482173174872663,-0.16213921901528017,retrieval,rules,False,6.888
ok,31016,1.0,True,0.3,0.9257592800899888,0.9267935578330894,0.9726830880779734,0.7762742735247754,889,7513,2044,0.7715264187866928,0.7862035225048923,0.9222113502935421,1.0,75,-0.15068493150684925,-0.16829745596868884,-0.13551859099804298,retrieval,rules,False,4.023
ok,31017,1.0,True,0.3,0.900497512437811,0.8988448666738638,0.9714161347292809,0.7950538189956093,804,9263,2350,0.7225531914893617,0.7489361702127659,0.916595744680851,1.0,75,-0.19404255319148933,-0.21021276595744676,-0.1774468085106382,retrieval,rules,False,7.25
ok,31018,1.0,True,0.3,0.9121540312876053,0.9209555594589847,0.9738819933462636,0.7924759667464798,831,5693,1434,0.6841004184100419,0.702928870292887,0.8814504881450488,1.0,75,-0.1973500697350069,-0.2196652719665272,-0.17712691771269173,retrieval,rules,False,3.027
ok,31019,1.0,True,0.3,0.9092071611253197,0.8719823189391364,0.968005634339677,0.7402684603550019,782,5882,1506,0.7270916334661355,0.749667994687915,0.8957503320053121,1.0,75,-0.1686586985391766,-0.18857901726427617,-0.15006640106241698,retrieval,rules,False,3.496
ok,31020,1.0,True,0.3,0.9027595269382391,0.9068520932927713,0.9697167576307337,0.7795282047383143,761,6903,1691,0.7025428740390302,0.722649319929036,0.8971023063276168,1.0,75,-0.19455943228858663,-0.2134831460674158,-0.17445298639858065,retrieval,rules,False,4.162
