seed,target_deterministic_share,lexical_variation,paired_diff_point,paired_diff_ci_low,paired_diff_ci_high,empirical_winner,bootstrap_resamples,bootstrap_alpha,delta
31001,0.0,False,0.009531374106433677,0.001588562351072298,0.018268467037331204,tie,2000,0.05,0.02
31002,0.0,False,0.005866666666666687,0.0016000000000000458,0.010666666666666602,tie,2000,0.05,0.02
31003,0.0,False,0.0017074558907228532,-0.0011383039271486428,0.005122367672168449,tie,2000,0.05,0.02
31004,0.0,False,0.0035545023696682554,-0.0005924170616113944,0.007701421800947905,tie,2000,0.05,0.02
31005,0.0,False,0.002835538752362976,0.0,0.0061436672967863926,tie,2000,0.05,0.02
31006,0.0,False,0.007029053420806064,0.0032802249297094743,0.011246485473289658,tie,2000,0.05,0.02
31007,0.0,False,0.007773459189339249,0.003331482509716821,0.01277068295391448,tie,2000,0.05,0.02
31008,0.0,False,0.005202913631633721,0.0010405827263267886,0.009365244536940764,tie,2000,0.05,0.02
31009,0.0,False,0.001828153564899404,-0.000365630712979903,0.004021937842778711,tie,2000,0.05,0.02
31010,0.0,False,0.0022688598979012653,-0.001701644923425949,0.006239364719228591,tie,2000,0.05,0.02
31011,0.0,False,0.007462686567164201,0.0027137042062415073,0.012890094979647215,tie,2000,0.05,0.02
31012,0.0,False,0.0027835768963118124,-0.002087682672233915,0.008350730688935215,tie,2000,0.05,0.02
31013,0.0,False,0.0020463847203274765,-0.0027285129604365244,0.006821282401091366,tie,2000,0.05,0.02
31014,0.0,False,0.0076548364648573175,0.0027835768963117014,0.013221990257480831,tie,2000,0.05,0.02
31015,0.0,False,0.004854368932038833,0.0010787486515640987,0.00916936353829556,tie,2000,0.05,0.02
31016,0.0,False,0.0027700831024931594,-0.002216066481994461,0.007756232686980558,tie,2000,0.05,0.02
31017,0.0,False,0.002653927813163537,-0.002123142250530785,0.007961783439490389,tie,2000,0.05,0.02
31018,0.0,False,0.008181246066708558,0.0037759597230961894,0.013845185651353065,tie,2000,0.05,0.02
31019,0.0,False,0.0031688546853779753,0.0,0.006790402897238534,tie,2000,0.05,0.02
31020,0.0,False,0.0028042624789680337,-0.001121704991587258,0.007291082445316843,tie,2000,0.05,0.02
31001,0.0,True,-0.11199364575059567,-0.13343923749007147,-0.09213661636219228,retrieval,2000,0.05,0.02
31002,0.0,True,-0.12480000000000002,-0.14186666666666659,-0.10933333333333334,retrieval,2000,0.05,0.02
31003,0.0,True,-0.1189527603870234,-0.13431986340352875,-0.10358565737051795,retrieval,2000,0.05,0.02
31004,0.0,True,-0.13388625592417058,-0.15047393364928907,-0.1172985781990521,retrieval,2000,0.05,0.02
31005,0.0,True,-0.12948960302457468,-0.14461247637051045,-0.11436672967863903,retrieval,2000,0.05,0.02
31006,0.0,True,-0.12605435801312087,-0.14104967197750706,-0.11105904404873473,retrieval,2000,0.05,0.02
31007,0.0,True,-0.1426985008328706,-0.16046640755136032,-0.1254858411993337,retrieval,2000,0.05,0.02
31008,0.0,True,-0.13007284079084286,-0.14620187304890742,-0.11394380853277836,retrieval,2000,0.05,0.02
31009,0.0,True,-0.11115173674588674,-0.12358318098720289,-0.09945155393053007,retrieval,2000,0.05,0.02
31010,0.0,True,-0.12648893930799765,-0.14350538854225753,-0.11060692002268863,retrieval,2000,0.05,0.02
31011,0.0,True,-0.12890094979647215,-0.14721845318860238,-0.11058344640434192,retrieval,2000,0.05,0.02
31012,0.0,True,-0.13082811412665274,-0.1482254697286013,-0.1127348643006264,retrieval,2000,0.05,0.02
31013,0.0,True,-0.12687585266030016,-0.14529331514324695,-0.10845839017735337,retrieval,2000,0.05,0.02
31014,0.0,True,-0.12317327766179542,-0.14265831593597772,-0.10508002783576897,retrieval,2000,0.05,0.02
31015,0.0,True,-0.133764832793959,-0.14994606256742182,-0.1175836030204962,retrieval,2000,0.05,0.02
31016,0.0,True,-0.1130193905817174,-0.12908587257617732,-0.09750692520775617,retrieval,2000,0.05,0.02
31017,0.0,True,-0.12685774946921446,-0.14225053078556266,-0.11093418259023358,retrieval,2000,0.05,0.02
31018,0.0,True,-0.12712397734424163,-0.14411579609817504,-0.10887350534927631,retrieval,2000,0.05,0.02
31019,0.0,True,-0.10547759167043913,-0.11905839746491631,-0.09234947940244453,retrieval,2000,0.05,0.02
31020,0.0,True,-0.129556926528323,-0.14638250140213122,-0.11273135165451487,retrieval,2000,0.05,0.02
31001,0.2,False,0.014473684210526305,0.008552631578947367,0.021052631578947323,tie,2000,0.05,0.02
31002,0.2,False,0.004232804232804255,0.0010582010582010914,0.007407407407407418,tie,2000,0.05,0.02
31003,0.2,False,0.002666666666666706,0.0,0.005333333333333412,tie,2000,0.05,0.02
31004,0.2,False,0.0029623360135421217,0.0008463817181548761,0.00550148116800675,tie,2000,0.05,0.02
31005,0.2,False,0.005218525766470972,0.000652315720808927,0.009784735812133016,tie,2000,0.05,0.02
31006,0.2,False,0.008673026886383273,0.0008673026886383273,0.01647875108412844,tie,2000,0.05,0.02
31007,0.2,False,0.004022988505747116,-0.0005747126436781436,0.008620689655172376,tie,2000,0.05,0.02
31008,0.2,False,0.005393743257820938,0.0021574973031283085,0.00916936353829556,tie,2000,0.05,0.02
31009,0.2,False,0.003426124197002167,-0.0008565310492505418,0.007708779443254876,tie,2000,0.05,0.02
31010,0.2,False,0.0031055900621117516,-0.002484472049689379,0.008695652173912993,tie,2000,0.05,0.02
31011,0.2,False,0.006259780907668322,0.0007824726134585402,0.011737089201877993,tie,2000,0.05,0.02
31012,0.2,False,0.0005309264666844005,-0.0013273161667110012,0.002389169100079691,tie,2000,0.05,0.02
31013,0.2,False,0.002220248667850866,0.000444049733570151,0.004440497335701621,tie,2000,0.05,0.02
31014,0.2,False,0.0028368794326241176,-0.0009456264775413725,0.006619385342789608,tie,2000,0.05,0.02
31015,0.2,False,0.005034612964128438,0.0012586532410321372,0.009439899307740696,tie,2000,0.05,0.02
31016,0.2,False,0.004126547455295726,0.0018340210912425325,0.00687757909215958,tie,2000,0.05,0.02
31017,0.2,False,0.0017182130584192379,-0.0012886597938144284,0.004725085910652904,tie,2000,0.05,0.02
31018,0.2,False,0.0020847810979847115,-0.0020847810979847115,0.006254343293954134,tie,2000,0.05,0.02
31019,0.2,False,0.006162464985994376,0.001680672268907557,0.010644257703081195,tie,2000,0.05,0.02
31020,0.2,False,0.00462962962962965,-0.0015432098765432167,0.01157407407407407,tie,2000,0.05,0.02
31001,0.2,True,-0.13421052631578945,-0.15328947368421053,-0.11578947368421044,retrieval,2000,0.05,0.02
31002,0.2,True,-0.13544973544973538,-0.1523809523809524,-0.11957671957671956,retrieval,2000,0.05,0.02
31003,0.2,True,-0.12586666666666668,-0.1418666666666667,-0.11093333333333333,retrieval,2000,0.05,0.02
31004,0.2,True,-0.14388489208633093,-0.15869657215404154,-0.12949640287769792,retrieval,2000,0.05,0.02
31005,0.2,True,-0.13307240704500978,-0.15264187866927592,-0.11545988258317019,retrieval,2000,0.05,0.02
31006,0.2,True,-0.13790112749349526,-0.1578490893321769,-0.11621856027753685,retrieval,2000,0.05,0.02
31007,0.2,True,-0.15574712643678157,-0.17471264367816097,-0.13793103448275856,retrieval,2000,0.05,0.02
31008,0.2,True,-0.11542610571736789,-0.13106796116504849,-0.10032362459546929,retrieval,2000,0.05,0.02
31009,0.2,True,-0.12976445396145608,-0.14518201284796572,-0.11434689507494644,retrieval,2000,0.05,0.02
31010,0.2,True,-0.1167701863354037,-0.1341614906832298,-0.09999999999999998,retrieval,2000,0.05,0.02
31011,0.2,True,-0.12676056338028174,-0.14553990610328638,-0.10719874804381846,retrieval,2000,0.05,0.02
31012,0.2,True,-0.11308733740376964,-0.12397132997079907,-0.1027342713034245,retrieval,2000,0.05,0.02
31013,0.2,True,-0.14165186500888094,-0.15630550621669625,-0.12699822380106573,retrieval,2000,0.05,0.02
31014,0.2,True,-0.150354609929078,-0.16643026004728134,-0.13427895981087468,retrieval,2000,0.05,0.02
31015,0.2,True,-0.14033983637507874,-0.15859030837004406,-0.12271869100062927,retrieval,2000,0.05,0.02
31016,0.2,True,-0.1292984869325997,-0.14442916093535074,-0.11416781292984868,retrieval,2000,0.05,0.02
31017,0.2,True,-0.13702749140893467,-0.1516323024054983,-0.12242268041237114,retrieval,2000,0.05,0.02
31018,0.2,True,-0.12439193884642119,-0.1438498957609451,-0.10632383599722028,retrieval,2000,0.05,0.02
31019,0.2,True,-0.12268907563025211,-0.13893557422969194,-0.10700280112044813,retrieval,2000,0.05,0.02
31020,0.2,True,-0.1435185185185186,-0.16435185185185186,-0.12268518518518523,retrieval,2000,0.05,0.02
31001,0.3,False,0.004914004914004844,0.0,0.010442260442260376,tie,2000,0.05,0.02
31002,0.3,False,0.007270323859881023,0.0026437541308658163,0.012557832121612655,tie,2000,0.05,0.02
31003,0.3,False,0.002430133657351119,-0.0012150668286755595,0.0060753341433779084,tie,2000,0.05,0.02
31004,0.3,False,0.004616272360069229,0.0005770340450086398,0.009232544720138569,tie,2000,0.05,0.02
31005,0.3,False,0.009188361408882018,0.003828483920367498,0.015313935681470103,tie,2000,0.05,0.02
31006,0.3,False,0.007017543859649034,0.0029239766081871066,0.011695906432748537,tie,2000,0.05,0.02
31007,0.3,False,0.004259850905218299,0.0010649627263046302,0.007987220447284282,tie,2000,0.05,0.02
31008,0.3,False,0.0037336652146857663,-0.001244555071561959,0.009334163036714305,tie,2000,0.05,0.02
31009,0.3,False,0.003978779840848823,-0.0006631299734747298,0.008620689655172487,tie,2000,0.05,0.02
31010,0.3,False,0.004646360351058365,0.0005162622612286949,0.008776458440887924,tie,2000,0.05,0.02
31011,0.3,False,0.008679479231246123,0.004339739615623062,0.013639181649101051,tie,2000,0.05,0.02
31012,0.3,False,0.006130268199233679,0.0,0.01226053639846747,tie,2000,0.05,0.02
31013,0.3,False,0.002624671916010568,-0.0006561679790026975,0.006561679790026198,tie,2000,0.05,0.02
31014,0.3,False,-0.0005892751915144157,-0.004124926340601021,0.0029463759575720783,tie,2000,0.05,0.02
31015,0.3,False,0.0034985422740524408,-0.0005830903790088326,0.008163265306122436,tie,2000,0.05,0.02
31016,0.3,False,0.015753938484621144,0.00900225056264059,0.023255813953488413,tie,2000,0.05,0.02
31017,0.3,False,0.0037654653039268515,-0.0010758472296933386,0.008606777837547042,tie,2000,0.05,0.02
31018,0.3,False,0.0022404779686332477,-0.0014936519790889058,0.005974607916355512,tie,2000,0.05,0.02
31019,0.3,False,0.0007704160246533309,-0.0038520801232665436,0.006163328197226425,tie,2000,0.05,0.02
31020,0.3,False,0.00302571860816947,0.0005042864346949116,0.006051437216338829,tie,2000,0.05,0.02
31001,0.3,True,-0.11609336609336607,-0.13267813267813267,-0.09950859950859947,retrieval,2000,0.05,0.02
31002,0.3,True,-0.12491738268341035,-0.1414408460013219,-0.10905485789821545,retrieval,2000,0.05,0.02
31003,0.3,True,-0.1567436208991495,-0.17557715674362084,-0.1391251518833535,retrieval,2000,0.05,0.02
31004,0.3,True,-0.1661858049624928,-0.18465089440276983,-0.14829774956722452,retrieval,2000,0.05,0.02
31005,0.3,True,-0.12863705972434913,-0.14931087289433376,-0.10796324655436451,retrieval,2000,0.05,0.02
31006,0.3,True,-0.12397660818713452,-0.14035087719298245,-0.10701754385964912,retrieval,2000,0.05,0.02
31007,0.3,True,-0.14164004259850904,-0.15761448349307772,-0.12566560170394037,retrieval,2000,0.05,0.02
31008,0.3,True,-0.15805849408836337,-0.17548226509023024,-0.13939016801493465,retrieval,2000,0.05,0.02
31009,0.3,True,-0.16312997347480107,-0.18236074270557034,-0.14323607427055696,retrieval,2000,0.05,0.02
31010,0.3,True,-0.13113061435209084,-0.14610221992772332,-0.11461022199277238,retrieval,2000,0.05,0.02
31011,0.3,True,-0.14321140731556103,-0.161810291382517,-0.12399256044637319,retrieval,2000,0.05,0.02
31012,0.3,True,-0.15938697318007655,-0.18084291187739465,-0.13793103448275867,retrieval,2000,0.05,0.02
31013,0.3,True,-0.16601049868766404,-0.18503937007874016,-0.14698162729658792,retrieval,2000,0.05,0.02
31014,0.3,True,-0.17442545668827347,-0.19446081319976438,-0.1561579257513258,retrieval,2000,0.05,0.02
31015,0.3,True,-0.1451895043731778,-0.16326530612244894,-0.1282798833819242,retrieval,2000,0.05,0.02
31016,0.3,True,-0.14703675918979753,-0.16804201050262568,-0.12603150787696926,retrieval,2000,0.05,0.02
31017,0.3,True,-0.13394298009682626,-0.15061861215707373,-0.11780527165142551,retrieval,2000,0.05,0.02
31018,0.3,True,-0.13368185212845407,-0.15235250186706495,-0.11501120238984319,retrieval,2000,0.05,0.02
31019,0.3,True,-0.15485362095531585,-0.17565485362095534,-0.13559322033898302,retrieval,2000,0.05,0.02
31020,0.3,True,-0.14422592032274328,-0.16036308623298035,-0.12758446797781142,retrieval,2000,0.05,0.02
31001,0.5,False,0.0023866348448686736,-0.0011933174224344478,0.005966587112171906,tie,2000,0.05,0.02
31002,0.5,False,0.004450095359186279,0.0,0.009535918626827788,tie,2000,0.05,0.02
31003,0.5,False,0.0022675736961451642,-0.001700680272108901,0.006802721088435271,tie,2000,0.05,0.02
31004,0.5,False,0.0030557677616501744,-0.0015278838808250317,0.007639419404125269,tie,2000,0.05,0.02
31005,0.5,False,0.0013797861331493744,-0.0010348395998620585,0.004139358399448012,tie,2000,0.05,0.02
31006,0.5,False,0.009122807017543866,0.002105263157894721,0.01614035087719301,tie,2000,0.05,0.02
31007,0.5,False,0.0027045300878971723,-0.0020283975659228792,0.007437457741717446,tie,2000,0.05,0.02
31008,0.5,False,0.0071428571428571175,0.0033333333333332993,0.011428571428571455,tie,2000,0.05,0.02
31009,0.5,False,0.014215080346106301,0.008034610630408001,0.020395550061804713,tie,2000,0.05,0.02
31010,0.5,False,0.004833512352309333,0.0,0.009667024704618665,tie,2000,0.05,0.02
31011,0.5,False,0.005769230769230749,0.0028846153846153744,0.009134615384615352,tie,2000,0.05,0.02
31012,0.5,False,0.004259850905218299,0.0010649627263045192,0.007987220447284393,tie,2000,0.05,0.02
31013,0.5,False,0.008583690987124415,0.0028612303290415086,0.014306151645207432,tie,2000,0.05,0.02
31014,0.5,False,0.00948577134298556,0.005491762356465313,0.013979031452820756,tie,2000,0.05,0.02
31015,0.5,False,0.0055427251732101945,0.0027713625866050418,0.00877598152424941,tie,2000,0.05,0.02
31016,0.5,False,0.0015625000000000222,-0.0015625000000000222,0.004687499999999956,tie,2000,0.05,0.02
31017,0.5,False,-0.0012307692307691465,-0.005538461538461603,0.002461538461538515,tie,2000,0.05,0.02
31018,0.5,False,0.005641025641025643,0.002564102564102555,0.009743589743589687,tie,2000,0.05,0.02
31019,0.5,False,0.0037993920972644313,-0.0007598784194529085,0.00911854103343468,tie,2000,0.05,0.02
31020,0.5,False,0.008895478131949575,0.004447739065974732,0.014084507042253502,tie,2000,0.05,0.02
31001,0.5,True,-0.152744630071599,-0.1706443914081146,-0.13424821002386633,retrieval,2000,0.05,0.02
31002,0.5,True,-0.13095994914176734,-0.14812460267005723,-0.11315956770502222,retrieval,2000,0.05,0.02
31003,0.5,True,-0.15929705215419498,-0.17743764172335597,-0.14172335600907027,retrieval,2000,0.05,0.02
31004,0.5,True,-0.16195569136745613,-0.18411000763941932,-0.14132925897631776,retrieval,2000,0.05,0.02
31005,0.5,True,-0.13728872024836158,-0.1510865815798551,-0.12521559158330453,retrieval,2000,0.05,0.02
31006,0.5,True,-0.16140350877192977,-0.18175438596491234,-0.14105263157894743,retrieval,2000,0.05,0.02
31007,0.5,True,-0.14198782961460443,-0.16159567275185938,-0.1223799864773496,retrieval,2000,0.05,0.02
31008,0.5,True,-0.16476190476190478,-0.1819047619047619,-0.14809523809523806,retrieval,2000,0.05,0.02
31009,0.5,True,-0.12360939431396789,-0.14153275648949315,-0.10568603213844252,retrieval,2000,0.05,0.02
31010,0.5,True,-0.16863587540279268,-0.1874328678839956,-0.15091299677765846,retrieval,2000,0.05,0.02
31011,0.5,True,-0.15576923076923077,-0.17163461538461544,-0.1399038461538462,retrieval,2000,0.05,0.02
31012,0.5,True,-0.16293929712460065,-0.18051118210862616,-0.14536741214057514,retrieval,2000,0.05,0.02
31013,0.5,True,-0.1688125894134478,-0.19027181688125894,-0.148068669527897,retrieval,2000,0.05,0.02
31014,0.5,True,-0.16924613080379436,-0.1867199201198202,-0.15227159261108336,retrieval,2000,0.05,0.02
31015,0.5,True,-0.1293302540415705,-0.14411085450346417,-0.11454965357967661,retrieval,2000,0.05,0.02
31016,0.5,True,-0.1552083333333334,-0.1713541666666667,-0.13750000000000007,retrieval,2000,0.05,0.02
31017,0.5,True,-0.20800000000000007,-0.22830769230769232,-0.1876923076923077,retrieval,2000,0.05,0.02
31018,0.5,True,-0.12923076923076915,-0.14564102564102555,-0.11435897435897435,retrieval,2000,0.05,0.02
31019,0.5,True,-0.1641337386018238,-0.18389057750759885,-0.1413373860182371,retrieval,2000,0.05,0.02
31020,0.5,True,-0.16011860637509268,-0.1808747220163084,-0.13936249073387696,retrieval,2000,0.05,0.02
31001,0.75,False,0.0034791252485089075,0.0009940357852882276,0.006461232604373812,tie,2000,0.05,0.02
31002,0.75,False,0.005617977528089901,0.001404494382022503,0.010533707865168496,tie,2000,0.05,0.02
31003,0.75,False,0.002561912894961549,0.000284656988329135,0.00455451181326505,tie,2000,0.05,0.02
31004,0.75,False,0.007965242577842147,0.0014482259232440065,0.014482259232440287,tie,2000,0.05,0.02
31005,0.75,False,0.006362672322375418,0.002651113467656452,0.010604453870625585,tie,2000,0.05,0.02
31006,0.75,False,0.003399915002124887,-0.0004249893752655831,0.007224819379515468,tie,2000,0.05,0.02
31007,0.75,False,0.005245588936576118,0.0014306151645206988,0.009060562708631426,tie,2000,0.05,0.02
31008,0.75,False,0.00848484848484854,0.004242424242424159,0.013333333333333308,tie,2000,0.05,0.02
31009,0.75,False,0.004860804242156402,0.0017675651789659241,0.008395934600088362,tie,2000,0.05,0.02
31010,0.75,False,0.004350528278433852,0.0006215040397762328,0.008701056556867592,tie,2000,0.05,0.02
31011,0.75,False,0.004044489383215333,0.0005055611729019027,0.008088978766430777,tie,2000,0.05,0.02
31012,0.75,False,0.010948905109489093,0.005109489051094873,0.016788321167883202,tie,2000,0.05,0.02
31013,0.75,False,0.0009074410163338875,-0.0013611615245009423,0.0031760435571687173,tie,2000,0.05,0.02
31014,0.75,False,0.015374759769378632,0.009609224855861576,0.022421524663677084,tie,2000,0.05,0.02
31015,0.75,False,0.007166482910694549,0.0022050716648291946,0.012127894156560126,tie,2000,0.05,0.02
31016,0.75,False,0.0033840947546531774,0.0004230118443316888,0.006345177664974666,tie,2000,0.05,0.02
31017,0.75,False,0.002248875562218977,-0.00037481259370319986,0.005247376311844132,tie,2000,0.05,0.02
31018,0.75,False,0.004589069670421275,0.0020859407592824786,0.007509386733416834,tie,2000,0.05,0.02
31019,0.75,False,0.0044031311154598685,0.0009784735812132794,0.007827788649706457,tie,2000,0.05,0.02
31020,0.75,False,0.003989361702127714,-0.0019946808510638014,0.00997340425531923,tie,2000,0.05,0.02
31001,0.75,True,-0.20228628230616297,-0.22117296222664007,-0.18339960238568598,retrieval,2000,0.05,0.02
31002,0.75,True,-0.1587078651685393,-0.1783707865168539,-0.1383426966292135,retrieval,2000,0.05,0.02
31003,0.75,True,-0.17278679191574153,-0.18531169940222036,-0.1602618844292627,retrieval,2000,0.05,0.02
31004,0.75,True,-0.17523533671252722,-0.19695872556118754,-0.1535119478638668,retrieval,2000,0.05,0.02
31005,0.75,True,-0.15800636267232238,-0.1755037115588547,-0.14156945917285257,retrieval,2000,0.05,0.02
31006,0.75,True,-0.145771355716107,-0.16234594135146618,-0.13089672758181048,retrieval,2000,0.05,0.02
31007,0.75,True,-0.1692894611349547,-0.18645684310920363,-0.15259895088221265,retrieval,2000,0.05,0.02
31008,0.75,True,-0.16969696969696968,-0.18848484848484848,-0.14969696969696966,retrieval,2000,0.05,0.02
31009,0.75,True,-0.1873619089703933,-0.20371188687582853,-0.1696862571807336,retrieval,2000,0.05,0.02
31010,0.75,True,-0.18582970789310127,-0.20633934120571784,-0.1671845866998135,retrieval,2000,0.05,0.02
31011,0.75,True,-0.1769464105156724,-0.19514661274014156,-0.15925176946410524,retrieval,2000,0.05,0.02
31012,0.75,True,-0.16277372262773715,-0.18467153284671534,-0.14160583941605842,retrieval,2000,0.05,0.02
31013,0.75,True,-0.17967332123411972,-0.1960072595281307,-0.16333938294010886,retrieval,2000,0.05,0.02
31014,0.75,True,-0.20499679692504813,-0.2267777065983344,-0.18385650224215255,retrieval,2000,0.05,0.02
31015,0.75,True,-0.16648291069459753,-0.1846747519294376,-0.14718853362734285,retrieval,2000,0.05,0.02
31016,0.75,True,-0.16412859560067683,-0.17893401015228427,-0.14847715736040612,retrieval,2000,0.05,0.02
31017,0.75,True,-0.15329835082458765,-0.16791604197901056,-0.13980509745127434,retrieval,2000,0.05,0.02
31018,0.75,True,-0.18147684605757197,-0.19774718397997504,-0.16562369628702545,retrieval,2000,0.05,0.02
31019,0.75,True,-0.17221135029354206,-0.1903131115459883,-0.15557729941291587,retrieval,2000,0.05,0.02
31020,0.75,True,-0.1894946808510638,-0.21077127659574468,-0.16954787234042545,retrieval,2000,0.05,0.02
31001,1.0,False,0.008076358296622677,0.002936857562408246,0.013950073421439058,tie,2000,0.05,0.02
31002,1.0,False,0.00570450656018251,0.0017113519680548306,0.01026811180832854,tie,2000,0.05,0.02
31003,1.0,False,0.009478672985781977,0.004739336492891044,0.014810426540284305,tie,2000,0.05,0.02
31004,1.0,False,0.011252813203300849,0.005251312828207122,0.01800450112528129,tie,2000,0.05,0.02
31005,1.0,False,0.01276276276276278,0.006006006006005982,0.020270270270270285,tie,2000,0.05,0.02
31006,1.0,False,0.005668934240362855,0.00170068027210879,0.010204081632653073,tie,2000,0.05,0.02
31007,1.0,False,0.0075625363583479155,0.002908667830133882,0.012798138452588703,tie,2000,0.05,0.02
31008,1.0,False,0.00303030303030305,-0.00242424242424244,0.008484848484848428,tie,2000,0.05,0.02
31009,1.0,False,0.005061460592914013,-0.002169197396963085,0.012292118582791,tie,2000,0.05,0.02
31010,1.0,False,0.0026469031233457008,-0.001058761249338236,0.006881948120698755,tie,2000,0.05,0.02
31011,1.0,False,0.00379506641366234,0.0004743833017077925,0.007115749525616777,tie,2000,0.05,0.02
31012,1.0,False,0.011560693641618491,0.005057803468208055,0.018063583815028927,tie,2000,0.05,0.02
31013,1.0,False,0.006012024048096198,0.0013360053440213404,0.011356045424181671,tie,2000,0.05,0.02
31014,1.0,False,0.009187279151943506,0.0035335689045936647,0.015547703180212036,tie,2000,0.05,0.02
31015,1.0,False,0.005517826825127359,0.002546689303904892,0.008913412563667289,tie,2000,0.05,0.02
31016,1.0,False,0.0029354207436399493,0.0,0.005870841487279899,tie,2000,0.05,0.02
31017,1.0,False,0.003829787234042592,0.0008510638297871687,0.007234042553191489,tie,2000,0.05,0.02
31018,1.0,False,0.009762900976290179,0.004184100418410108,0.015341701534170138,tie,2000,0.05,0.02
31019,1.0,False,0.0033200531208499307,-0.0006640106241699861,0.007968127490039834,tie,2000,0.05,0.02
31020,1.0,False,0.0053222945002957545,0.0011827321111768097,0.010053222945002882,tie,2000,0.05,0.02
31001,1.0,True,-0.1806167400881057,-0.20411160058737154,-0.15932452276064601,retrieval,2000,0.05,0.02
31002,1.0,True,-0.15630347974900172,-0.1739874500855676,-0.13918996006845408,retrieval,2000,0.05,0.02
31003,1.0,True,-0.21386255924170616,-0.2340047393364929,-0.19312796208530814,retrieval,2000,0.05,0.02
31004,1.0,True,-0.19804951237809454,-0.22055513878469613,-0.17629407351837956,retrieval,2000,0.05,0.02
31005,1.0,True,-0.18093093093093093,-0.20345345345345345,-0.15915915915915912,retrieval,2000,0.05,0.02
31006,1.0,True,-0.2029478458049887,-0.2222222222222222,-0.18367346938775508,retrieval,2000,0.05,0.02
31007,1.0,True,-0.16346713205351948,-0.18208260616637573,-0.14485165794066313,retrieval,2000,0.05,0.02
31008,1.0,True,-0.18484848484848482,-0.20545454545454545,-0.1648484848484849,retrieval,2000,0.05,0.02
31009,1.0,True,-0.17281272595806219,-0.19378163412870575,-0.151120751988431,retrieval,2000,0.05,0.02
31010,1.0,True,-0.17681312863949172,-0.1948120698782424,-0.15828480677607204,retrieval,2000,0.05,0.02
31011,1.0,True,-0.19781783681214427,-0.21489563567362435,-0.18121442125237186,retrieval,2000,0.05,0.02
31012,1.0,True,-0.1697976878612717,-0.19219653179190754,-0.14739884393063585,retrieval,2000,0.05,0.02
31013,1.0,True,-0.1850367401469606,-0.2064128256513026,-0.16499665998663993,retrieval,2000,0.05,0.02
31014,1.0,True,-0.19787985865724378,-0.21908127208480566,-0.17597173144876332,retrieval,2000,0.05,0.02
31015,1.0,True,-0.17826825127334467,-0.19482173174872663,-0.16213921901528017,retrieval,2000,0.05,0.02
31016,1.0,True,-0.15068493150684925,-0.16829745596868884,-0.13551859099804298,retrieval,2000,0.05,0.02
31017,1.0,True,-0.19404255319148933,-0.21021276595744676,-0.1774468085106382,retrieval,2000,0.05,0.02
31018,1.0,True,-0.1973500697350069,-0.2196652719665272,-0.17712691771269173,retrieval,2000,0.05,0.02
31019,1.0,True,-0.1686586985391766,-0.18857901726427617,-0.15006640106241698,retrieval,2000,0.05,0.02
31020,1.0,True,-0.19455943228858663,-0.2134831460674158,-0.17445298639858065,retrieval,2000,0.05,0.02
