normalized_product,total_occurrences,n_accounts,dominant_account_id,dominant_account_desc,dominant_pct,determinism_score,ambiguity_score,all_accounts
synth maintenance 00545,4,4,609,,25.0,0.25,0.75,609:1;609:1;609:1;609:1
synth office 01085,15,3,4426,,60.0,0.6,0.4,4426:9;4426:3;4426:3
synth raw material 01041,5,1,609,,100.0,1.0,0.0,609:5
synth utility 01016,33,6,605,,27.27,0.2727,0.7273,605:9;605:7;605:6;608:4;605:4;6022:3
synth raw material 00027,54,8,612,,35.19,0.3519,0.6481,612:19;612:12;612:8;4426:6;612:5;612:2;4426:1;612:1
synth utility 00135,3,1,6022,,100.0,1.0,0.0,6022:3
synth misc 00054,5,1,612,,100.0,1.0,0.0,612:5
synth office 00581,40,8,605,,45.0,0.45,0.55,605:18;608:6;608:4;605:4;608:3;608:3;608:1;622:1
synth raw material 01045,7,1,701,,100.0,1.0,0.0,701:7
synth service 00239,22,5,707,,45.45,0.4545,0.5455,707:10;701:5;704:3;707:3;701:1
synth service 00787,5,4,704,,40.0,0.4,0.6,704:2;707:1;707:1;707:1
synth packaging 00995,2,1,704,,100.0,1.0,0.0,704:2
synth maintenance 01069,2,1,4427,,100.0,1.0,0.0,4427:2
synth utility 00587,7,2,628,,85.71,0.8571,0.1429,628:6;609:1
synth office 00284,2,1,625,,100.0,1.0,0.0,625:2
synth packaging 01194,1,1,4426,,100.0,1.0,0.0,4426:1
synth retail 01130,15,2,707,,80.0,0.8,0.2,707:12;707:3
synth packaging 00004,1,1,6022,,100.0,1.0,0.0,6022:1
synth transport 00009,1,1,625,,100.0,1.0,0.0,625:1
synth retail 00911,1,1,371,,100.0,1.0,0.0,371:1
synth service 00389,19,6,613,,47.37,0.4737,0.5263,613:9;613:3;602:3;613:2;605:1;613:1
synth service 00101,162,24,607,,16.67,0.1667,0.8333,607:27;602:19;607:19;607:18;607:11;602:8;608:6;607:6;608:5;608:5;607:5;608:5;608:5;602:4;6022:3;602:3;6022:2;6022:2;608:2;602:2;6022:2;6022:1;6022:1;602:1
synth fuel 00441,6,1,605,,100.0,1.0,0.0,605:6
synth fuel 00792,6,1,6022,,100.0,1.0,0.0,6022:6
synth office 00959,4,1,411,,100.0,1.0,0.0,411:4
synth utility 00946,3,1,4427,,100.0,1.0,0.0,4427:3
synth misc 01118,2,1,701,,100.0,1.0,0.0,701:2
synth service 00381,3,1,601,,100.0,1.0,0.0,601:3
synth retail 00484,4,1,401,,100.0,1.0,0.0,401:4
synth retail 00136,4,1,608,,100.0,1.0,0.0,608:4
synth fuel 00750,2,1,628,,100.0,1.0,0.0,628:2
synth service 00201,2,1,609,,100.0,1.0,0.0,609:2
synth misc 01042,1,1,6022,,100.0,1.0,0.0,6022:1
synth service 00480,2,1,701,,100.0,1.0,0.0,701:2
synth maintenance 01121,92,11,601,,36.96,0.3696,0.6304,601:34;607:18;601:10;601:7;601:6;601:4;622:4;601:3;601:3;601:2;601:1
synth office 00977,24,4,622,,54.17,0.5417,0.4583,622:13;622:7;622:3;622:1
synth packaging 00196,10,3,401,,60.0,0.6,0.4,401:6;401:2;401:2
synth office 00499,24,5,707,,62.5,0.625,0.375,707:15;707:4;704:2;704:2;4427:1
synth retail 00629,2,1,622,,100.0,1.0,0.0,622:2
synth office 00927,16,5,612,,68.75,0.6875,0.3125,612:11;625:2;625:1;608:1;607:1
synth office 00282,21,1,612,,100.0,1.0,0.0,612:21
synth retail 00493,392,4,628,,76.53,0.7653,0.2347,628:300;628:57;622:29;371:6
synth retail 00070,64,4,608,,70.31,0.7031,0.2969,608:45;608:7;608:6;401:6
synth packaging 00094,43,1,602,,100.0,1.0,0.0,602:43
synth utility 01083,192,1,704,,100.0,1.0,0.0,704:192
synth office 00841,32,1,411,,100.0,1.0,0.0,411:32
synth retail 00932,63,1,607,,100.0,1.0,0.0,607:63
synth service 00253,69,1,602,,100.0,1.0,0.0,602:69
synth packaging 00299,18,2,608,,66.67,0.6667,0.3333,608:12;612:6
synth utility 00833,10,2,4427,,80.0,0.8,0.2,4427:8;707:2
synth raw material 00601,19,1,4427,,100.0,1.0,0.0,4427:19
synth misc 01191,29,5,607,,58.62,0.5862,0.4138,607:17;401:4;607:4;607:3;605:1
synth utility 00914,47,4,635,,59.57,0.5957,0.4043,635:28;635:14;635:3;635:2
synth transport 00872,27,3,607,,92.59,0.9259,0.0741,607:25;602:1;625:1
synth office 00928,45,1,601,,100.0,1.0,0.0,601:45
synth retail 01128,5,1,628,,100.0,1.0,0.0,628:5
synth raw material 01015,34,3,704,,47.06,0.4706,0.5294,704:16;704:16;704:2
synth packaging 00546,12,3,707,,50.0,0.5,0.5,707:6;4427:3;411:3
synth misc 00131,7,1,613,,100.0,1.0,0.0,613:7
synth maintenance 00664,5,1,605,,100.0,1.0,0.0,605:5
synth office 00226,2,1,628,,100.0,1.0,0.0,628:2
synth retail 01178,5,1,609,,100.0,1.0,0.0,609:5
synth misc 00822,7,1,635,,100.0,1.0,0.0,635:7
synth retail 00971,4,1,701,,100.0,1.0,0.0,701:4
synth transport 00232,6,1,625,,100.0,1.0,0.0,625:6
synth maintenance 00939,1,1,605,,100.0,1.0,0.0,605:1
synth retail 00615,1,1,401,,100.0,1.0,0.0,401:1
synth fuel 00907,1,1,411,,100.0,1.0,0.0,411:1
synth utility 00473,6,1,707,,100.0,1.0,0.0,707:6
synth utility 00159,3,1,4426,,100.0,1.0,0.0,4426:3
synth packaging 00421,28,5,401,,32.14,0.3214,0.6786,401:9;601:7;401:7;609:4;601:1
synth raw material 00854,8,1,628,,100.0,1.0,0.0,628:8
synth service 00192,2,1,622,,100.0,1.0,0.0,622:2
synth transport 00193,2,1,601,,100.0,1.0,0.0,601:2
synth service 00497,17,5,628,,64.71,0.6471,0.3529,628:11;628:2;6022:2;628:1;6022:1
synth service 00818,1,1,602,,100.0,1.0,0.0,602:1
synth fuel 00333,3,1,628,,100.0,1.0,0.0,628:3
synth packaging 00173,2,1,625,,100.0,1.0,0.0,625:2
synth maintenance 00806,2,1,6022,,100.0,1.0,0.0,6022:2
synth misc 00778,1,1,613,,100.0,1.0,0.0,613:1
synth raw material 00405,1,1,707,,100.0,1.0,0.0,707:1
synth transport 00231,1,1,707,,100.0,1.0,0.0,707:1
synth service 00055,52,9,707,,23.08,0.2308,0.7692,707:12;707:11;4427:8;707:7;707:5;707:4;707:3;707:1;707:1
synth service 00736,1,1,605,,100.0,1.0,0.0,605:1
synth misc 01081,1,1,635,,100.0,1.0,0.0,635:1
synth office 00225,1,1,622,,100.0,1.0,0.0,622:1
synth office 00654,5,1,401,,100.0,1.0,0.0,401:5
synth utility 00749,23,3,608,,52.17,0.5217,0.4783,608:12;608:10;607:1
synth retail 00164,58,5,411,,43.1,0.431,0.569,411:25;704:14;707:13;4427:4;4427:2
synth service 00332,12,3,602,,50.0,0.5,0.5,602:6;609:4;602:2
synth office 00635,27,1,601,,100.0,1.0,0.0,601:27
synth utility 00657,1,1,4427,,100.0,1.0,0.0,4427:1
synth packaging 00658,7,1,704,,100.0,1.0,0.0,704:7
synth utility 00878,11,5,4426,,45.45,0.4545,0.5455,4426:5;635:2;371:2;635:1;602:1
synth raw material 00761,2,1,625,,100.0,1.0,0.0,625:2
synth service 00211,4,1,613,,100.0,1.0,0.0,613:4
synth office 01155,47,4,601,,40.43,0.4043,0.5957,601:19;601:17;612:7;601:4
synth raw material 00935,15,2,707,,93.33,0.9333,0.0667,707:14;4427:1
synth maintenance 01110,10,4,612,,50.0,0.5,0.5,612:5;612:2;612:2;612:1
synth office 01087,36,4,4426,,77.78,0.7778,0.2222,4426:28;625:4;625:3;4426:1
synth fuel 00950,1,1,602,,100.0,1.0,0.0,602:1
synth transport 00366,6,1,608,,100.0,1.0,0.0,608:6
synth misc 00425,2,1,608,,100.0,1.0,0.0,608:2
synth misc 00042,2,2,607,,50.0,0.5,0.5,607:1;6022:1
synth raw material 00338,2,1,613,,100.0,1.0,0.0,613:2
synth misc 00840,1,1,622,,100.0,1.0,0.0,622:1
synth transport 00590,1,1,625,,100.0,1.0,0.0,625:1
synth transport 00565,10,1,411,,100.0,1.0,0.0,411:10
synth fuel 00402,4,2,601,,75.0,0.75,0.25,601:3;608:1
synth office 00271,6,1,625,,100.0,1.0,0.0,625:6
synth misc 00579,9,1,613,,100.0,1.0,0.0,613:9
synth transport 00334,2,1,635,,100.0,1.0,0.0,635:2
synth retail 00944,11,1,609,,100.0,1.0,0.0,609:11
synth maintenance 00867,1,1,701,,100.0,1.0,0.0,701:1
synth packaging 00858,45,9,4427,,26.67,0.2667,0.7333,4427:12;701:10;411:7;701:7;704:3;411:2;701:2;701:1;411:1
synth transport 01062,3,1,411,,100.0,1.0,0.0,411:3
synth misc 00393,45,8,625,,33.33,0.3333,0.6667,625:15;601:11;628:7;625:6;625:2;625:2;625:1;601:1
synth office 00374,2,1,6022,,100.0,1.0,0.0,6022:2
synth transport 00495,2,1,371,,100.0,1.0,0.0,371:2
synth fuel 00756,8,4,401,,37.5,0.375,0.625,401:3;401:3;401:1;401:1
synth fuel 00047,61,10,628,,26.23,0.2623,0.7377,628:16;628:8;628:8;601:6;609:6;612:5;635:5;628:4;601:2;635:1
synth fuel 00762,2,1,622,,100.0,1.0,0.0,622:2
synth raw material 00365,3,1,605,,100.0,1.0,0.0,605:3
synth maintenance 00605,6,1,608,,100.0,1.0,0.0,608:6
synth utility 00227,4,1,628,,100.0,1.0,0.0,628:4
synth fuel 00985,8,4,6022,,62.5,0.625,0.375,6022:5;6022:1;371:1;6022:1
synth raw material 00265,3,1,607,,100.0,1.0,0.0,607:3
synth packaging 00129,3,1,6022,,100.0,1.0,0.0,6022:3
synth fuel 00968,2,2,613,,50.0,0.5,0.5,613:1;401:1
synth fuel 00481,25,6,704,,64.0,0.64,0.36,704:16;707:3;707:2;411:2;707:1;707:1
synth raw material 01103,10,4,601,,70.0,0.7,0.3,601:7;602:1;401:1;4426:1
synth maintenance 00594,3,1,601,,100.0,1.0,0.0,601:3
synth packaging 01049,1,1,701,,100.0,1.0,0.0,701:1
synth fuel 00732,18,5,371,,55.56,0.5556,0.4444,371:10;605:3;605:2;605:2;605:1
synth service 00980,8,2,605,,87.5,0.875,0.125,605:7;4426:1
synth utility 00398,10,1,605,,100.0,1.0,0.0,605:10
synth raw material 00494,13,3,601,,61.54,0.6154,0.3846,601:8;602:4;602:1
synth office 00604,23,5,6022,,65.22,0.6522,0.3478,6022:15;6022:3;608:2;6022:2;6022:1
synth raw material 00216,60,7,628,,40.0,0.4,0.6,628:24;628:12;628:8;628:7;628:6;628:2;628:1
synth transport 01057,10,2,601,,50.0,0.5,0.5,601:5;612:5
synth fuel 01033,6,3,4426,,66.67,0.6667,0.3333,4426:4;371:1;612:1
synth office 00014,7,1,635,,100.0,1.0,0.0,635:7
synth transport 00343,1,1,635,,100.0,1.0,0.0,635:1
synth transport 00064,1,1,612,,100.0,1.0,0.0,612:1
synth maintenance 00049,15,7,607,,26.67,0.2667,0.7333,607:4;628:3;612:3;628:2;628:1;609:1;628:1
synth misc 00154,3,1,6022,,100.0,1.0,0.0,6022:3
synth utility 00080,4,1,701,,100.0,1.0,0.0,701:4
synth service 00651,2,1,411,,100.0,1.0,0.0,411:2
synth misc 00125,3,1,704,,100.0,1.0,0.0,704:3
synth packaging 00194,1,1,4427,,100.0,1.0,0.0,4427:1
synth retail 00021,4,4,613,,25.0,0.25,0.75,613:1;625:1;625:1;602:1
synth utility 00190,1,1,625,,100.0,1.0,0.0,625:1
synth misc 00643,31,1,704,,100.0,1.0,0.0,704:31
synth maintenance 00597,4,2,4427,,75.0,0.75,0.25,4427:3;4427:1
synth misc 00346,3,1,609,,100.0,1.0,0.0,609:3
synth misc 00269,7,1,704,,100.0,1.0,0.0,704:7
synth transport 00457,31,1,608,,100.0,1.0,0.0,608:31
synth packaging 00369,16,1,628,,100.0,1.0,0.0,628:16
synth transport 00740,4,1,608,,100.0,1.0,0.0,608:4
synth packaging 00970,13,1,704,,100.0,1.0,0.0,704:13
synth raw material 00286,14,4,411,,35.71,0.3571,0.6429,411:5;411:3;411:3;411:3
synth misc 00953,11,6,701,,36.36,0.3636,0.6364,701:4;707:3;411:1;701:1;701:1;707:1
synth office 00616,14,1,605,,100.0,1.0,0.0,605:14
synth maintenance 00472,1,1,401,,100.0,1.0,0.0,401:1
synth raw material 01010,13,1,6022,,100.0,1.0,0.0,6022:13
synth raw material 00596,3,3,609,,33.33,0.3333,0.6667,609:1;401:1;622:1
synth maintenance 01184,5,1,4427,,100.0,1.0,0.0,4427:5
synth retail 00715,4,1,608,,100.0,1.0,0.0,608:4
synth fuel 00033,1,1,4427,,100.0,1.0,0.0,4427:1
synth transport 01132,8,4,612,,37.5,0.375,0.625,612:3;612:2;612:2;628:1
synth utility 00352,2,1,601,,100.0,1.0,0.0,601:2
synth packaging 00784,4,1,608,,100.0,1.0,0.0,608:4
synth misc 00542,6,2,635,,50.0,0.5,0.5,635:3;6022:3
synth office 00023,5,1,401,,100.0,1.0,0.0,401:5
synth misc 01175,2,1,635,,100.0,1.0,0.0,635:2
synth utility 00655,4,1,411,,100.0,1.0,0.0,411:4
synth maintenance 01159,7,5,612,,28.57,0.2857,0.7143,612:2;401:2;612:1;607:1;612:1
synth transport 01080,3,1,625,,100.0,1.0,0.0,625:3
synth retail 00642,10,3,608,,60.0,0.6,0.4,608:6;4426:2;4426:2
synth retail 00327,2,1,605,,100.0,1.0,0.0,605:2
synth packaging 00355,3,1,411,,100.0,1.0,0.0,411:3
synth office 00407,248,3,601,,87.1,0.871,0.129,601:216;625:27;613:5
synth fuel 00895,23,1,411,,100.0,1.0,0.0,411:23
synth retail 00757,32,2,4427,,96.88,0.9688,0.0312,4427:31;704:1
synth raw material 00353,29,2,4427,,96.55,0.9655,0.0345,4427:28;411:1
synth service 00122,58,1,704,,100.0,1.0,0.0,704:58
synth raw material 00069,50,1,411,,100.0,1.0,0.0,411:50
synth utility 00504,18,1,625,,100.0,1.0,0.0,625:18
synth misc 00163,16,1,613,,100.0,1.0,0.0,613:16
synth retail 00132,20,1,411,,100.0,1.0,0.0,411:20
synth utility 00812,24,1,605,,100.0,1.0,0.0,605:24
synth service 00804,15,1,401,,100.0,1.0,0.0,401:15
synth office 01032,69,1,607,,100.0,1.0,0.0,607:69
synth utility 00800,14,1,6022,,100.0,1.0,0.0,6022:14
synth retail 00620,6,2,635,,83.33,0.8333,0.1667,635:5;635:1
synth retail 00744,31,6,601,,32.26,0.3226,0.6774,601:10;609:6;601:5;601:4;601:4;601:2
synth fuel 00273,13,2,4427,,84.62,0.8462,0.1538,4427:11;4427:2
synth utility 00469,19,8,625,,47.37,0.4737,0.5263,625:9;628:2;628:2;622:2;622:1;371:1;628:1;622:1
synth utility 00450,20,1,613,,100.0,1.0,0.0,613:20
synth retail 00447,91,1,609,,100.0,1.0,0.0,609:91
synth service 00454,27,5,701,,77.78,0.7778,0.2222,701:21;701:2;701:2;4427:1;4427:1
synth packaging 00825,14,1,704,,100.0,1.0,0.0,704:14
synth fuel 00539,4,1,612,,100.0,1.0,0.0,612:4
synth raw material 00837,11,1,612,,100.0,1.0,0.0,612:11
synth office 00439,13,1,625,,100.0,1.0,0.0,625:13
synth office 00561,4,1,6022,,100.0,1.0,0.0,6022:4
synth fuel 00470,8,3,613,,75.0,0.75,0.25,613:6;6022:1;601:1
synth office 01124,4,1,625,,100.0,1.0,0.0,625:4
synth raw material 00573,12,1,628,,100.0,1.0,0.0,628:12
synth raw material 00893,7,1,635,,100.0,1.0,0.0,635:7
synth misc 00315,9,1,628,,100.0,1.0,0.0,628:9
synth office 00209,6,2,612,,50.0,0.5,0.5,612:3;609:3
synth maintenance 00656,5,1,609,,100.0,1.0,0.0,609:5
synth raw material 00829,5,1,371,,100.0,1.0,0.0,371:5
synth maintenance 00345,4,1,609,,100.0,1.0,0.0,609:4
synth service 00278,8,2,704,,87.5,0.875,0.125,704:7;704:1
synth packaging 00619,25,1,707,,100.0,1.0,0.0,707:25
synth misc 00912,8,1,701,,100.0,1.0,0.0,701:8
synth fuel 00738,27,5,612,,29.63,0.2963,0.7037,612:8;612:6;612:6;612:6;612:1
synth utility 00537,11,1,612,,100.0,1.0,0.0,612:11
synth fuel 01158,8,1,612,,100.0,1.0,0.0,612:8
synth fuel 00844,3,1,608,,100.0,1.0,0.0,608:3
synth office 00811,14,1,401,,100.0,1.0,0.0,401:14
synth service 00452,43,6,609,,39.53,0.3953,0.6047,609:17;371:13;601:7;601:3;608:2;608:1
synth transport 00955,2,1,4426,,100.0,1.0,0.0,4426:2
synth utility 00962,95,9,628,,51.58,0.5158,0.4842,628:49;628:17;628:8;628:7;628:6;608:5;628:1;628:1;622:1
synth office 00177,4,2,401,,75.0,0.75,0.25,401:3;371:1
synth raw material 00503,3,1,609,,100.0,1.0,0.0,609:3
synth misc 00344,6,1,401,,100.0,1.0,0.0,401:6
synth utility 00785,3,1,612,,100.0,1.0,0.0,612:3
synth misc 00116,6,1,605,,100.0,1.0,0.0,605:6
synth fuel 00570,3,2,371,,66.67,0.6667,0.3333,371:2;4426:1
synth raw material 00357,2,1,371,,100.0,1.0,0.0,371:2
synth office 01029,3,3,601,,33.33,0.3333,0.6667,601:1;601:1;601:1
synth fuel 00952,1,1,605,,100.0,1.0,0.0,605:1
synth office 00140,3,2,6022,,66.67,0.6667,0.3333,6022:2;613:1
synth raw material 00186,3,1,401,,100.0,1.0,0.0,401:3
synth office 01013,1,1,608,,100.0,1.0,0.0,608:1
synth misc 00759,1,1,704,,100.0,1.0,0.0,704:1
synth misc 00448,1,1,6022,,100.0,1.0,0.0,6022:1
synth packaging 00379,5,1,411,,100.0,1.0,0.0,411:5
synth fuel 00187,2,2,411,,50.0,0.5,0.5,411:1;4427:1
synth misc 00404,33,5,6022,,57.58,0.5758,0.4242,6022:19;6022:5;6022:5;608:2;612:2
synth raw material 00707,1,1,613,,100.0,1.0,0.0,613:1
synth office 01168,1,1,4426,,100.0,1.0,0.0,4426:1
synth service 00595,4,1,411,,100.0,1.0,0.0,411:4
synth misc 00509,1,1,612,,100.0,1.0,0.0,612:1
synth retail 00391,1,1,628,,100.0,1.0,0.0,628:1
synth maintenance 00770,1,1,6022,,100.0,1.0,0.0,6022:1
synth office 00028,1,1,612,,100.0,1.0,0.0,612:1
synth transport 00918,1,1,601,,100.0,1.0,0.0,601:1
synth service 00742,9,1,6022,,100.0,1.0,0.0,6022:9
synth office 00479,5,1,608,,100.0,1.0,0.0,608:5
synth transport 00031,7,1,401,,100.0,1.0,0.0,401:7
synth utility 00794,11,1,371,,100.0,1.0,0.0,371:11
synth retail 00525,5,1,605,,100.0,1.0,0.0,605:5
synth maintenance 00414,5,1,608,,100.0,1.0,0.0,608:5
synth service 00237,3,2,411,,66.67,0.6667,0.3333,411:2;701:1
synth raw material 00463,7,4,609,,57.14,0.5714,0.4286,609:4;602:1;602:1;602:1
synth retail 00538,7,2,602,,85.71,0.8571,0.1429,602:6;401:1
synth service 01071,1,1,704,,100.0,1.0,0.0,704:1
synth packaging 00500,1,1,707,,100.0,1.0,0.0,707:1
synth utility 00748,4,2,609,,75.0,0.75,0.25,609:3;609:1
synth utility 01023,5,1,701,,100.0,1.0,0.0,701:5
synth utility 01195,2,1,701,,100.0,1.0,0.0,701:2
synth service 00713,1,1,625,,100.0,1.0,0.0,625:1
synth retail 00337,1,1,625,,100.0,1.0,0.0,625:1
synth packaging 00746,1,1,371,,100.0,1.0,0.0,371:1
synth maintenance 00098,1,1,4426,,100.0,1.0,0.0,4426:1
synth raw material 00307,1,1,704,,100.0,1.0,0.0,704:1
synth utility 00843,7,1,6022,,100.0,1.0,0.0,6022:7
synth maintenance 01181,6,1,622,,100.0,1.0,0.0,622:6
synth service 00005,10,1,4426,,100.0,1.0,0.0,4426:10
synth utility 01074,2,1,4427,,100.0,1.0,0.0,4427:2
synth fuel 01077,2,1,704,,100.0,1.0,0.0,704:2
synth maintenance 00699,6,1,622,,100.0,1.0,0.0,622:6
synth packaging 00554,18,6,609,,33.33,0.3333,0.6667,609:6;613:4;613:3;371:2;613:2;613:1
synth packaging 00134,2,1,601,,100.0,1.0,0.0,601:2
synth utility 00982,6,1,635,,100.0,1.0,0.0,635:6
synth service 00753,42,4,628,,42.86,0.4286,0.5714,628:18;602:11;628:9;613:4
synth transport 00130,1,1,411,,100.0,1.0,0.0,411:1
synth misc 01190,2,1,707,,100.0,1.0,0.0,707:2
synth raw material 01055,2,1,707,,100.0,1.0,0.0,707:2
synth maintenance 00741,4,2,605,,50.0,0.5,0.5,605:2;371:2
synth retail 01030,43,7,6022,,27.91,0.2791,0.7209,6022:12;6022:9;607:9;6022:6;6022:4;6022:2;6022:1
synth packaging 00625,2,1,622,,100.0,1.0,0.0,622:2
synth raw material 00019,1,1,704,,100.0,1.0,0.0,704:1
synth service 00017,5,1,635,,100.0,1.0,0.0,635:5
synth fuel 00849,1,1,605,,100.0,1.0,0.0,605:1
synth packaging 01165,1,1,6022,,100.0,1.0,0.0,6022:1
synth service 01133,2,1,625,,100.0,1.0,0.0,625:2
synth office 00073,86,5,605,,29.07,0.2907,0.7093,605:25;625:21;371:18;608:12;371:10
synth transport 00659,7,1,602,,100.0,1.0,0.0,602:7
synth maintenance 01180,6,2,401,,83.33,0.8333,0.1667,401:5;601:1
synth misc 00533,2,1,4426,,100.0,1.0,0.0,4426:2
synth service 00945,14,1,704,,100.0,1.0,0.0,704:14
synth transport 00498,4,1,635,,100.0,1.0,0.0,635:4
synth misc 00889,4,1,411,,100.0,1.0,0.0,411:4
synth misc 01186,1,1,371,,100.0,1.0,0.0,371:1
synth packaging 00636,35,5,4427,,54.29,0.5429,0.4571,4427:19;701:10;701:3;701:2;701:1
synth service 00288,3,1,4427,,100.0,1.0,0.0,4427:3
synth office 00251,7,1,704,,100.0,1.0,0.0,704:7
synth maintenance 00185,1,1,628,,100.0,1.0,0.0,628:1
synth maintenance 00074,15,1,4427,,100.0,1.0,0.0,4427:15
synth utility 00930,2,1,707,,100.0,1.0,0.0,707:2
synth raw material 00638,3,1,635,,100.0,1.0,0.0,635:3
synth raw material 00032,4,1,608,,100.0,1.0,0.0,608:4
synth misc 00725,4,1,635,,100.0,1.0,0.0,635:4
synth packaging 00146,2,1,602,,100.0,1.0,0.0,602:2
synth packaging 01047,12,3,601,,50.0,0.5,0.5,601:6;601:3;605:3
synth retail 01147,3,1,605,,100.0,1.0,0.0,605:3
synth retail 00022,9,1,607,,100.0,1.0,0.0,607:9
synth transport 00386,3,1,612,,100.0,1.0,0.0,612:3
synth office 00612,6,1,635,,100.0,1.0,0.0,635:6
synth retail 00392,11,1,4426,,100.0,1.0,0.0,4426:11
synth utility 00739,2,1,609,,100.0,1.0,0.0,609:2
synth maintenance 01171,12,5,612,,41.67,0.4167,0.5833,612:5;628:4;612:1;609:1;612:1
synth utility 00758,2,1,401,,100.0,1.0,0.0,401:2
synth fuel 00705,8,1,411,,100.0,1.0,0.0,411:8
synth office 00847,8,1,4427,,100.0,1.0,0.0,4427:8
synth misc 00246,4,1,602,,100.0,1.0,0.0,602:4
synth maintenance 01075,1,1,625,,100.0,1.0,0.0,625:1
synth transport 00644,4,1,607,,100.0,1.0,0.0,607:4
synth maintenance 00737,20,9,411,,35.0,0.35,0.65,411:7;411:4;704:2;701:2;704:1;411:1;701:1;701:1;707:1
synth fuel 00133,1,1,704,,100.0,1.0,0.0,704:1
synth misc 00633,2,1,625,,100.0,1.0,0.0,625:2
synth retail 00731,1,1,625,,100.0,1.0,0.0,625:1
synth transport 00056,2,1,401,,100.0,1.0,0.0,401:2
synth retail 00350,1,1,612,,100.0,1.0,0.0,612:1
synth utility 00777,29,2,609,,93.1,0.931,0.069,609:27;628:2
synth office 00772,1,1,612,,100.0,1.0,0.0,612:1
synth transport 00710,6,1,4426,,100.0,1.0,0.0,4426:6
synth utility 00551,23,4,601,,52.17,0.5217,0.4783,601:12;628:4;628:4;628:3
synth misc 00412,2,1,622,,100.0,1.0,0.0,622:2
synth office 00896,3,1,613,,100.0,1.0,0.0,613:3
synth transport 01122,1,1,704,,100.0,1.0,0.0,704:1
synth transport 00799,20,1,4427,,100.0,1.0,0.0,4427:20
synth office 00622,14,1,4427,,100.0,1.0,0.0,4427:14
synth retail 00314,13,1,704,,100.0,1.0,0.0,704:13
synth raw material 00165,5,1,411,,100.0,1.0,0.0,411:5
synth maintenance 01157,31,1,613,,100.0,1.0,0.0,613:31
synth utility 00852,27,1,609,,100.0,1.0,0.0,609:27
synth maintenance 00810,19,1,622,,100.0,1.0,0.0,622:19
synth retail 00874,7,2,704,,71.43,0.7143,0.2857,704:5;411:2
synth packaging 00973,11,1,6022,,100.0,1.0,0.0,6022:11
synth transport 00598,10,1,628,,100.0,1.0,0.0,628:10
synth packaging 00517,7,1,6022,,100.0,1.0,0.0,6022:7
synth packaging 00948,13,2,371,,92.31,0.9231,0.0769,371:12;612:1
synth packaging 00886,1,1,625,,100.0,1.0,0.0,625:1
synth office 00535,12,1,625,,100.0,1.0,0.0,625:12
synth fuel 00591,4,1,613,,100.0,1.0,0.0,613:4
synth packaging 00855,4,1,601,,100.0,1.0,0.0,601:4
synth raw material 00183,6,1,609,,100.0,1.0,0.0,609:6
synth fuel 00118,3,1,401,,100.0,1.0,0.0,401:3
synth office 00317,1,1,602,,100.0,1.0,0.0,602:1
synth packaging 00384,1,1,622,,100.0,1.0,0.0,622:1
synth raw material 00157,8,1,411,,100.0,1.0,0.0,411:8
synth fuel 01127,2,1,704,,100.0,1.0,0.0,704:2
synth misc 00891,1,1,701,,100.0,1.0,0.0,701:1
synth retail 00490,1,1,704,,100.0,1.0,0.0,704:1
synth raw material 00607,1,1,625,,100.0,1.0,0.0,625:1
synth maintenance 01200,2,1,411,,100.0,1.0,0.0,411:2
synth office 00037,6,1,701,,100.0,1.0,0.0,701:6
synth utility 00815,6,2,628,,50.0,0.5,0.5,628:3;4426:3
synth fuel 00623,3,1,601,,100.0,1.0,0.0,601:3
synth raw material 00851,4,1,607,,100.0,1.0,0.0,607:4
synth fuel 00397,7,1,635,,100.0,1.0,0.0,635:7
synth utility 01197,19,2,4426,,89.47,0.8947,0.1053,4426:17;4426:2
synth utility 01116,7,1,628,,100.0,1.0,0.0,628:7
synth utility 00846,17,5,371,,41.18,0.4118,0.5882,371:7;625:4;371:4;371:1;371:1
synth retail 00182,7,1,401,,100.0,1.0,0.0,401:7
synth office 00320,25,3,601,,48.0,0.48,0.52,601:12;601:8;601:5
synth maintenance 00966,1,1,612,,100.0,1.0,0.0,612:1
synth raw material 00864,2,1,707,,100.0,1.0,0.0,707:2
synth maintenance 00075,1,1,4426,,100.0,1.0,0.0,4426:1
synth retail 00694,1,1,704,,100.0,1.0,0.0,704:1
synth raw material 00114,1,1,371,,100.0,1.0,0.0,371:1
synth office 00560,7,1,605,,100.0,1.0,0.0,605:7
synth transport 00603,5,1,6022,,100.0,1.0,0.0,6022:5
synth office 00702,9,1,635,,100.0,1.0,0.0,635:9
synth raw material 00198,3,1,401,,100.0,1.0,0.0,401:3
synth maintenance 00107,12,1,601,,100.0,1.0,0.0,601:12
synth fuel 00091,2,1,612,,100.0,1.0,0.0,612:2
synth raw material 00174,2,1,613,,100.0,1.0,0.0,613:2
synth service 01003,3,1,608,,100.0,1.0,0.0,608:3
synth packaging 00809,4,1,625,,100.0,1.0,0.0,625:4
synth service 00206,2,1,635,,100.0,1.0,0.0,635:2
synth maintenance 00215,3,1,707,,100.0,1.0,0.0,707:3
synth transport 01161,3,1,635,,100.0,1.0,0.0,635:3
synth retail 00885,5,1,4427,,100.0,1.0,0.0,4427:5
synth maintenance 00158,2,2,601,,50.0,0.5,0.5,601:1;608:1
synth packaging 00790,12,2,401,,66.67,0.6667,0.3333,401:8;6022:4
synth utility 00145,4,3,635,,50.0,0.5,0.5,635:2;613:1;371:1
synth utility 00293,2,1,635,,100.0,1.0,0.0,635:2
synth packaging 00905,5,1,635,,100.0,1.0,0.0,635:5
synth utility 00423,2,1,701,,100.0,1.0,0.0,701:2
synth service 00520,2,1,612,,100.0,1.0,0.0,612:2
synth office 00147,1,1,4427,,100.0,1.0,0.0,4427:1
synth fuel 00564,1,1,608,,100.0,1.0,0.0,608:1
synth maintenance 01018,1,1,4427,,100.0,1.0,0.0,4427:1
synth fuel 00461,1,1,605,,100.0,1.0,0.0,605:1
synth maintenance 01084,5,2,607,,80.0,0.8,0.2,607:4;602:1
synth packaging 00781,1,1,622,,100.0,1.0,0.0,622:1
synth raw material 00721,1,1,602,,100.0,1.0,0.0,602:1
synth transport 00960,6,1,602,,100.0,1.0,0.0,602:6
synth utility 00943,32,3,6022,,56.25,0.5625,0.4375,6022:18;6022:12;4426:2
synth utility 00303,1,1,4427,,100.0,1.0,0.0,4427:1
synth service 00233,2,1,704,,100.0,1.0,0.0,704:2
synth office 00606,2,2,6022,,50.0,0.5,0.5,6022:1;601:1
synth office 00296,5,1,605,,100.0,1.0,0.0,605:5
synth misc 00826,8,1,4427,,100.0,1.0,0.0,4427:8
synth retail 00322,5,3,635,,40.0,0.4,0.6,635:2;613:2;635:1
synth transport 00727,1,1,625,,100.0,1.0,0.0,625:1
synth transport 00508,2,1,401,,100.0,1.0,0.0,401:2
synth fuel 00908,8,3,4427,,50.0,0.5,0.5,4427:4;4427:3;707:1
synth maintenance 00613,1,1,609,,100.0,1.0,0.0,609:1
synth misc 00143,3,1,371,,100.0,1.0,0.0,371:3
synth office 00922,9,1,635,,100.0,1.0,0.0,635:9
synth retail 00861,1,1,608,,100.0,1.0,0.0,608:1
synth transport 00832,1,1,601,,100.0,1.0,0.0,601:1
synth retail 00528,4,1,622,,100.0,1.0,0.0,622:4
synth packaging 00512,1,1,704,,100.0,1.0,0.0,704:1
synth maintenance 00323,1,1,612,,100.0,1.0,0.0,612:1
synth maintenance 00559,1,1,609,,100.0,1.0,0.0,609:1
synth packaging 00368,1,1,605,,100.0,1.0,0.0,605:1
synth retail 00138,6,1,601,,100.0,1.0,0.0,601:6
synth utility 00051,33,1,613,,100.0,1.0,0.0,613:33
synth fuel 01008,10,1,6022,,100.0,1.0,0.0,6022:10
synth retail 01044,8,1,4426,,100.0,1.0,0.0,4426:8
synth office 01086,4,1,704,,100.0,1.0,0.0,704:4
synth service 00248,8,1,602,,100.0,1.0,0.0,602:8
synth service 00180,7,1,612,,100.0,1.0,0.0,612:7
synth maintenance 00678,1,1,411,,100.0,1.0,0.0,411:1
synth raw material 00558,19,1,707,,100.0,1.0,0.0,707:19
synth office 00377,1,1,625,,100.0,1.0,0.0,625:1
synth misc 00319,3,1,371,,100.0,1.0,0.0,371:3
synth office 00313,1,1,701,,100.0,1.0,0.0,701:1
synth retail 00280,14,2,4427,,57.14,0.5714,0.4286,4427:8;4427:6
synth misc 00301,1,1,625,,100.0,1.0,0.0,625:1
synth office 01058,10,5,605,,50.0,0.5,0.5,605:5;605:2;601:1;605:1;601:1
synth packaging 00660,2,1,608,,100.0,1.0,0.0,608:2
synth service 00913,1,1,4427,,100.0,1.0,0.0,4427:1
synth fuel 00888,4,1,4427,,100.0,1.0,0.0,4427:4
synth office 01019,1,1,625,,100.0,1.0,0.0,625:1
synth service 00632,2,1,4426,,100.0,1.0,0.0,4426:2
synth retail 00610,1,1,411,,100.0,1.0,0.0,411:1
synth office 00169,1,1,371,,100.0,1.0,0.0,371:1
synth packaging 00734,8,1,401,,100.0,1.0,0.0,401:8
synth utility 00445,1,1,371,,100.0,1.0,0.0,371:1
synth maintenance 00385,1,1,371,,100.0,1.0,0.0,371:1
synth transport 00220,1,1,605,,100.0,1.0,0.0,605:1
synth raw material 00677,1,1,635,,100.0,1.0,0.0,635:1
synth retail 01000,1,1,601,,100.0,1.0,0.0,601:1
synth raw material 00321,8,1,625,,100.0,1.0,0.0,625:8
synth misc 00609,1,1,707,,100.0,1.0,0.0,707:1
synth transport 00302,2,1,704,,100.0,1.0,0.0,704:2
synth raw material 01059,3,1,4427,,100.0,1.0,0.0,4427:3
synth transport 00092,3,1,701,,100.0,1.0,0.0,701:3
synth maintenance 00820,5,1,608,,100.0,1.0,0.0,608:5
synth office 00796,1,1,628,,100.0,1.0,0.0,628:1
synth raw material 00618,2,1,613,,100.0,1.0,0.0,613:2
synth misc 00668,2,2,411,,50.0,0.5,0.5,411:1;704:1
synth utility 01076,2,2,601,,50.0,0.5,0.5,601:1;601:1
synth office 00552,2,1,609,,100.0,1.0,0.0,609:2
synth packaging 00160,1,1,704,,100.0,1.0,0.0,704:1
synth maintenance 00360,1,1,607,,100.0,1.0,0.0,607:1
synth service 00060,2,1,607,,100.0,1.0,0.0,607:2
synth utility 00801,2,2,612,,50.0,0.5,0.5,612:1;601:1
synth raw material 00513,5,2,635,,80.0,0.8,0.2,635:4;635:1
synth packaging 00254,1,1,612,,100.0,1.0,0.0,612:1
synth fuel 00007,1,1,613,,100.0,1.0,0.0,613:1
synth service 00802,28,1,401,,100.0,1.0,0.0,401:28
synth misc 00816,1,1,601,,100.0,1.0,0.0,601:1
synth utility 01135,1,1,601,,100.0,1.0,0.0,601:1
synth packaging 00783,1,1,607,,100.0,1.0,0.0,607:1
synth raw material 00482,3,1,707,,100.0,1.0,0.0,707:3
synth maintenance 00276,4,1,411,,100.0,1.0,0.0,411:4
synth raw material 00767,16,1,635,,100.0,1.0,0.0,635:16
synth raw material 00349,13,1,635,,100.0,1.0,0.0,635:13
synth office 00010,32,1,707,,100.0,1.0,0.0,707:32
synth service 00341,18,1,608,,100.0,1.0,0.0,608:18
synth misc 00181,7,1,601,,100.0,1.0,0.0,601:7
synth maintenance 01150,11,1,607,,100.0,1.0,0.0,607:11
synth service 00268,6,1,601,,100.0,1.0,0.0,601:6
synth packaging 00648,48,1,6022,,100.0,1.0,0.0,6022:48
synth packaging 00462,5,1,635,,100.0,1.0,0.0,635:5
synth office 00006,11,1,609,,100.0,1.0,0.0,609:11
synth service 00137,3,1,628,,100.0,1.0,0.0,628:3
synth transport 01066,18,1,608,,100.0,1.0,0.0,608:18
synth transport 00957,2,1,609,,100.0,1.0,0.0,609:2
synth retail 00692,1,1,707,,100.0,1.0,0.0,707:1
synth maintenance 00990,1,1,612,,100.0,1.0,0.0,612:1
synth office 00884,1,1,622,,100.0,1.0,0.0,622:1
synth utility 00842,1,1,4427,,100.0,1.0,0.0,4427:1
synth office 00356,10,1,707,,100.0,1.0,0.0,707:10
synth service 00650,6,1,707,,100.0,1.0,0.0,707:6
synth utility 01053,3,1,411,,100.0,1.0,0.0,411:3
synth fuel 00722,1,1,635,,100.0,1.0,0.0,635:1
synth transport 00530,1,1,609,,100.0,1.0,0.0,609:1
synth packaging 00486,1,1,635,,100.0,1.0,0.0,635:1
synth transport 00038,3,1,628,,100.0,1.0,0.0,628:3
synth maintenance 00257,54,3,701,,74.07,0.7407,0.2593,701:40;701:8;701:6
synth utility 00845,1,1,635,,100.0,1.0,0.0,635:1
synth maintenance 00328,5,1,371,,100.0,1.0,0.0,371:5
synth office 00467,2,1,628,,100.0,1.0,0.0,628:2
synth office 00880,3,1,612,,100.0,1.0,0.0,612:3
synth office 00877,1,1,371,,100.0,1.0,0.0,371:1
synth packaging 00221,2,1,625,,100.0,1.0,0.0,625:2
synth office 00617,2,1,701,,100.0,1.0,0.0,701:2
synth maintenance 00676,2,1,602,,100.0,1.0,0.0,602:2
synth service 00266,2,1,411,,100.0,1.0,0.0,411:2
synth transport 01070,1,1,401,,100.0,1.0,0.0,401:1
synth raw material 00672,3,1,635,,100.0,1.0,0.0,635:3
synth office 00475,4,1,628,,100.0,1.0,0.0,628:4
synth maintenance 00686,2,1,625,,100.0,1.0,0.0,625:2
synth utility 00921,1,1,707,,100.0,1.0,0.0,707:1
synth fuel 01031,1,1,601,,100.0,1.0,0.0,601:1
synth retail 00588,1,1,607,,100.0,1.0,0.0,607:1
synth packaging 00235,4,2,635,,75.0,0.75,0.25,635:3;401:1
synth utility 01193,1,1,4427,,100.0,1.0,0.0,4427:1
synth raw material 00458,3,1,701,,100.0,1.0,0.0,701:3
synth raw material 00195,2,1,707,,100.0,1.0,0.0,707:2
synth transport 00754,1,1,601,,100.0,1.0,0.0,601:1
synth fuel 00330,1,1,601,,100.0,1.0,0.0,601:1
synth packaging 01146,1,1,701,,100.0,1.0,0.0,701:1
synth retail 01020,1,1,612,,100.0,1.0,0.0,612:1
synth transport 00704,1,1,613,,100.0,1.0,0.0,613:1
synth packaging 00978,1,1,635,,100.0,1.0,0.0,635:1
synth service 00306,1,1,6022,,100.0,1.0,0.0,6022:1
synth utility 00712,13,1,602,,100.0,1.0,0.0,602:13
synth packaging 00001,5,1,601,,100.0,1.0,0.0,601:5
synth office 01054,11,1,601,,100.0,1.0,0.0,601:11
synth packaging 00044,3,1,6022,,100.0,1.0,0.0,6022:3
synth raw material 00110,14,4,605,,57.14,0.5714,0.4286,605:8;401:4;401:1;622:1
synth service 01095,4,1,635,,100.0,1.0,0.0,635:4
synth service 00653,2,1,401,,100.0,1.0,0.0,401:2
synth packaging 00986,2,1,601,,100.0,1.0,0.0,601:2
synth maintenance 01107,12,1,701,,100.0,1.0,0.0,701:12
synth transport 00149,2,1,609,,100.0,1.0,0.0,609:2
synth office 00574,6,1,605,,100.0,1.0,0.0,605:6
synth service 00153,2,1,4427,,100.0,1.0,0.0,4427:2
synth utility 01067,1,1,704,,100.0,1.0,0.0,704:1
synth transport 00637,1,1,625,,100.0,1.0,0.0,625:1
synth maintenance 00983,15,4,704,,60.0,0.6,0.4,704:9;704:4;411:1;4427:1
synth retail 00170,1,1,635,,100.0,1.0,0.0,635:1
synth packaging 00556,1,1,607,,100.0,1.0,0.0,607:1
synth packaging 00689,31,1,612,,100.0,1.0,0.0,612:31
synth raw material 00105,4,1,613,,100.0,1.0,0.0,613:4
synth utility 00641,6,1,613,,100.0,1.0,0.0,613:6
synth service 00987,2,2,371,,50.0,0.5,0.5,371:1;371:1
synth utility 00823,2,1,625,,100.0,1.0,0.0,625:2
synth fuel 00999,3,1,602,,100.0,1.0,0.0,602:3
synth office 01056,2,1,609,,100.0,1.0,0.0,609:2
synth misc 00857,13,1,4427,,100.0,1.0,0.0,4427:13
synth raw material 00104,8,1,4427,,100.0,1.0,0.0,4427:8
synth maintenance 00507,24,1,704,,100.0,1.0,0.0,704:24
synth service 00222,4,1,411,,100.0,1.0,0.0,411:4
synth fuel 00733,1,1,601,,100.0,1.0,0.0,601:1
synth packaging 00348,7,2,701,,71.43,0.7143,0.2857,701:5;4427:2
synth maintenance 00082,2,1,609,,100.0,1.0,0.0,609:2
synth retail 00838,3,1,4426,,100.0,1.0,0.0,4426:3
synth transport 00285,2,1,704,,100.0,1.0,0.0,704:2
synth service 00142,2,1,601,,100.0,1.0,0.0,601:2
synth packaging 00522,1,1,601,,100.0,1.0,0.0,601:1
synth transport 00516,6,1,605,,100.0,1.0,0.0,605:6
synth office 00308,3,1,605,,100.0,1.0,0.0,605:3
synth transport 00199,3,2,411,,66.67,0.6667,0.3333,411:2;701:1
synth maintenance 00093,1,1,401,,100.0,1.0,0.0,401:1
synth misc 00242,1,1,371,,100.0,1.0,0.0,371:1
synth misc 00730,1,1,704,,100.0,1.0,0.0,704:1
synth raw material 00873,1,1,411,,100.0,1.0,0.0,411:1
synth fuel 00139,2,1,704,,100.0,1.0,0.0,704:2
synth packaging 00178,2,1,401,,100.0,1.0,0.0,401:2
synth utility 00083,1,1,625,,100.0,1.0,0.0,625:1
synth office 01014,2,1,411,,100.0,1.0,0.0,411:2
synth raw material 00025,3,1,704,,100.0,1.0,0.0,704:3
synth retail 00940,10,1,628,,100.0,1.0,0.0,628:10
synth packaging 00501,2,1,411,,100.0,1.0,0.0,411:2
synth service 00358,1,1,704,,100.0,1.0,0.0,704:1
synth office 00894,7,2,4427,,71.43,0.7143,0.2857,4427:5;4427:2
synth retail 00519,5,1,601,,100.0,1.0,0.0,601:5
synth packaging 00483,1,1,609,,100.0,1.0,0.0,609:1
synth office 00624,1,1,601,,100.0,1.0,0.0,601:1
synth raw material 01005,2,1,371,,100.0,1.0,0.0,371:2
synth fuel 00465,5,1,6022,,100.0,1.0,0.0,6022:5
synth raw material 00923,1,1,701,,100.0,1.0,0.0,701:1
synth maintenance 00141,2,1,602,,100.0,1.0,0.0,602:2
synth service 00714,1,1,612,,100.0,1.0,0.0,612:1
synth packaging 00628,3,1,4427,,100.0,1.0,0.0,4427:3
synth maintenance 00086,48,1,613,,100.0,1.0,0.0,613:48
synth utility 01185,1,1,602,,100.0,1.0,0.0,602:1
synth transport 01009,7,1,607,,100.0,1.0,0.0,607:7
synth utility 00008,5,1,704,,100.0,1.0,0.0,704:5
synth maintenance 00065,10,1,602,,100.0,1.0,0.0,602:10
synth service 00002,5,1,628,,100.0,1.0,0.0,628:5
synth fuel 01183,5,2,612,,60.0,0.6,0.4,612:3;612:2
synth raw material 00424,2,1,609,,100.0,1.0,0.0,609:2
synth raw material 01100,3,1,622,,100.0,1.0,0.0,622:3
synth office 00690,1,1,622,,100.0,1.0,0.0,622:1
synth packaging 00376,4,1,707,,100.0,1.0,0.0,707:4
synth packaging 00831,5,1,625,,100.0,1.0,0.0,625:5
synth maintenance 00506,3,1,6022,,100.0,1.0,0.0,6022:3
synth misc 00456,4,1,4426,,100.0,1.0,0.0,4426:4
synth misc 00863,13,1,371,,100.0,1.0,0.0,371:13
synth fuel 00013,6,1,613,,100.0,1.0,0.0,613:6
synth packaging 01050,10,1,602,,100.0,1.0,0.0,602:10
synth packaging 00367,2,1,613,,100.0,1.0,0.0,613:2
synth maintenance 00695,4,1,4426,,100.0,1.0,0.0,4426:4
synth maintenance 00347,2,1,411,,100.0,1.0,0.0,411:2
synth utility 00671,4,1,605,,100.0,1.0,0.0,605:4
synth fuel 00176,2,1,608,,100.0,1.0,0.0,608:2
synth transport 00238,2,1,602,,100.0,1.0,0.0,602:2
synth retail 00924,3,1,635,,100.0,1.0,0.0,635:3
synth office 00289,1,1,608,,100.0,1.0,0.0,608:1
synth office 00290,20,1,609,,100.0,1.0,0.0,609:20
synth packaging 00674,6,1,371,,100.0,1.0,0.0,371:6
synth utility 00455,12,1,601,,100.0,1.0,0.0,601:12
synth fuel 00219,7,1,601,,100.0,1.0,0.0,601:7
synth utility 00631,3,1,601,,100.0,1.0,0.0,601:3
synth raw material 00915,1,1,628,,100.0,1.0,0.0,628:1
synth service 01138,14,2,609,,92.86,0.9286,0.0714,609:13;607:1
synth retail 00813,2,1,602,,100.0,1.0,0.0,602:2
synth misc 00395,1,1,608,,100.0,1.0,0.0,608:1
synth retail 01160,4,1,704,,100.0,1.0,0.0,704:4
synth service 01112,9,1,701,,100.0,1.0,0.0,701:9
synth fuel 00989,1,1,607,,100.0,1.0,0.0,607:1
synth misc 00600,5,1,605,,100.0,1.0,0.0,605:5
synth utility 00256,2,1,609,,100.0,1.0,0.0,609:2
synth office 00102,1,1,6022,,100.0,1.0,0.0,6022:1
synth utility 00489,4,1,4427,,100.0,1.0,0.0,4427:4
synth transport 00411,1,1,4427,,100.0,1.0,0.0,4427:1
synth office 00972,1,1,411,,100.0,1.0,0.0,411:1
synth office 00252,1,1,4426,,100.0,1.0,0.0,4426:1
synth misc 01187,1,1,4426,,100.0,1.0,0.0,4426:1
synth utility 00383,22,1,704,,100.0,1.0,0.0,704:22
synth raw material 00188,25,1,704,,100.0,1.0,0.0,704:25
synth maintenance 00870,15,1,6022,,100.0,1.0,0.0,6022:15
synth misc 01104,15,1,607,,100.0,1.0,0.0,607:15
synth maintenance 00521,4,1,411,,100.0,1.0,0.0,411:4
synth retail 00720,4,1,625,,100.0,1.0,0.0,625:4
synth transport 00230,2,1,625,,100.0,1.0,0.0,625:2
synth fuel 00277,4,1,707,,100.0,1.0,0.0,707:4
synth transport 01149,4,1,371,,100.0,1.0,0.0,371:4
synth maintenance 01154,10,1,371,,100.0,1.0,0.0,371:10
synth misc 00681,7,1,625,,100.0,1.0,0.0,625:7
synth raw material 00245,4,1,4426,,100.0,1.0,0.0,4426:4
synth misc 00584,8,1,605,,100.0,1.0,0.0,605:8
synth utility 00553,2,1,625,,100.0,1.0,0.0,625:2
synth service 00034,1,1,371,,100.0,1.0,0.0,371:1
synth office 00673,1,1,4426,,100.0,1.0,0.0,4426:1
synth raw material 00446,7,1,608,,100.0,1.0,0.0,608:7
synth retail 00012,2,1,601,,100.0,1.0,0.0,601:2
synth office 00532,2,1,613,,100.0,1.0,0.0,613:2
synth fuel 00240,2,1,601,,100.0,1.0,0.0,601:2
synth transport 00901,14,1,601,,100.0,1.0,0.0,601:14
synth packaging 00976,1,1,601,,100.0,1.0,0.0,601:1
synth office 00066,2,1,635,,100.0,1.0,0.0,635:2
synth misc 00941,8,1,411,,100.0,1.0,0.0,411:8
synth packaging 00040,17,1,4427,,100.0,1.0,0.0,4427:17
synth transport 00097,3,1,625,,100.0,1.0,0.0,625:3
synth raw material 01001,2,1,607,,100.0,1.0,0.0,607:2
synth utility 01036,5,1,628,,100.0,1.0,0.0,628:5
synth maintenance 00550,2,1,608,,100.0,1.0,0.0,608:2
synth office 00929,1,1,635,,100.0,1.0,0.0,635:1
synth service 00388,2,1,609,,100.0,1.0,0.0,609:2
synth transport 01170,1,1,605,,100.0,1.0,0.0,605:1
synth packaging 00258,5,1,4426,,100.0,1.0,0.0,4426:5
synth packaging 00711,23,1,704,,100.0,1.0,0.0,704:23
synth transport 00059,7,3,701,,71.43,0.7143,0.2857,701:5;4427:1;411:1
synth utility 00563,20,1,613,,100.0,1.0,0.0,613:20
synth retail 00611,6,2,635,,83.33,0.8333,0.1667,635:5;635:1
synth utility 01177,19,1,625,,100.0,1.0,0.0,625:19
synth service 00418,6,1,622,,100.0,1.0,0.0,622:6
synth misc 00179,6,1,701,,100.0,1.0,0.0,701:6
synth packaging 00518,10,1,701,,100.0,1.0,0.0,701:10
synth utility 00166,23,1,622,,100.0,1.0,0.0,622:23
synth misc 00693,1,1,625,,100.0,1.0,0.0,625:1
synth utility 00120,1,1,401,,100.0,1.0,0.0,401:1
synth fuel 00634,1,1,601,,100.0,1.0,0.0,601:1
synth fuel 00897,1,1,371,,100.0,1.0,0.0,371:1
synth raw material 00582,2,1,622,,100.0,1.0,0.0,622:2
synth service 00949,1,1,601,,100.0,1.0,0.0,601:1
synth transport 00152,1,1,625,,100.0,1.0,0.0,625:1
synth raw material 00988,1,1,6022,,100.0,1.0,0.0,6022:1
synth office 01043,1,1,622,,100.0,1.0,0.0,622:1
synth misc 00236,9,1,411,,100.0,1.0,0.0,411:9
synth raw material 00903,2,1,701,,100.0,1.0,0.0,701:2
synth packaging 00887,2,1,6022,,100.0,1.0,0.0,6022:2
synth raw material 00403,4,1,609,,100.0,1.0,0.0,609:4
synth misc 00113,5,1,371,,100.0,1.0,0.0,371:5
synth office 00121,1,1,607,,100.0,1.0,0.0,607:1
synth office 00184,2,1,401,,100.0,1.0,0.0,401:2
synth raw material 00827,1,1,607,,100.0,1.0,0.0,607:1
synth misc 00088,1,1,605,,100.0,1.0,0.0,605:1
synth office 00156,1,1,601,,100.0,1.0,0.0,601:1
synth retail 00078,3,1,602,,100.0,1.0,0.0,602:3
synth retail 00526,12,1,608,,100.0,1.0,0.0,608:12
synth raw material 00969,1,1,605,,100.0,1.0,0.0,605:1
synth misc 00936,1,1,6022,,100.0,1.0,0.0,6022:1
synth fuel 00426,3,1,707,,100.0,1.0,0.0,707:3
synth maintenance 00828,3,1,4427,,100.0,1.0,0.0,4427:3
synth raw material 00536,1,1,602,,100.0,1.0,0.0,602:1
synth packaging 00459,1,1,605,,100.0,1.0,0.0,605:1
synth misc 00751,1,1,608,,100.0,1.0,0.0,608:1
synth retail 01078,1,1,707,,100.0,1.0,0.0,707:1
synth fuel 00557,2,1,401,,100.0,1.0,0.0,401:2
synth raw material 01064,1,1,4427,,100.0,1.0,0.0,4427:1
synth utility 01119,7,3,704,,57.14,0.5714,0.4286,704:4;701:2;701:1
synth misc 00298,1,1,701,,100.0,1.0,0.0,701:1
synth misc 00106,1,1,608,,100.0,1.0,0.0,608:1
synth fuel 00992,2,1,371,,100.0,1.0,0.0,371:2
synth retail 00431,1,1,601,,100.0,1.0,0.0,601:1
synth service 00015,1,1,607,,100.0,1.0,0.0,607:1
synth fuel 00514,1,1,628,,100.0,1.0,0.0,628:1
synth office 00020,1,1,371,,100.0,1.0,0.0,371:1
synth service 00394,1,1,622,,100.0,1.0,0.0,622:1
synth service 00575,1,1,602,,100.0,1.0,0.0,602:1
synth maintenance 00562,3,1,601,,100.0,1.0,0.0,601:3
synth packaging 00419,14,1,4426,,100.0,1.0,0.0,4426:14
synth utility 00786,9,1,601,,100.0,1.0,0.0,601:9
synth office 00440,12,1,602,,100.0,1.0,0.0,602:12
synth office 00687,24,1,704,,100.0,1.0,0.0,704:24
synth office 01065,10,1,607,,100.0,1.0,0.0,607:10
synth raw material 00586,31,1,707,,100.0,1.0,0.0,707:31
synth retail 00041,4,1,608,,100.0,1.0,0.0,608:4
synth raw material 00071,13,1,609,,100.0,1.0,0.0,609:13
synth packaging 00958,5,1,605,,100.0,1.0,0.0,605:5
synth service 01068,2,1,628,,100.0,1.0,0.0,628:2
synth utility 00218,5,2,401,,80.0,0.8,0.2,401:4;635:1
synth utility 01125,3,1,605,,100.0,1.0,0.0,605:3
synth fuel 01153,5,1,4426,,100.0,1.0,0.0,4426:5
synth retail 00387,4,1,4426,,100.0,1.0,0.0,4426:4
synth maintenance 00496,1,1,625,,100.0,1.0,0.0,625:1
synth service 00942,73,1,628,,100.0,1.0,0.0,628:73
synth misc 00665,1,1,602,,100.0,1.0,0.0,602:1
synth utility 01137,51,1,4427,,100.0,1.0,0.0,4427:51
synth office 00422,3,1,704,,100.0,1.0,0.0,704:3
synth transport 00175,13,1,411,,100.0,1.0,0.0,411:13
synth fuel 00621,14,1,701,,100.0,1.0,0.0,701:14
synth maintenance 00938,16,1,635,,100.0,1.0,0.0,635:16
synth raw material 00848,47,1,607,,100.0,1.0,0.0,607:47
synth maintenance 00608,7,1,607,,100.0,1.0,0.0,607:7
synth service 00224,5,1,612,,100.0,1.0,0.0,612:5
synth packaging 01117,7,1,625,,100.0,1.0,0.0,625:7
synth raw material 00925,5,1,628,,100.0,1.0,0.0,628:5
synth retail 00318,1,1,707,,100.0,1.0,0.0,707:1
synth fuel 01017,3,1,602,,100.0,1.0,0.0,602:3
synth maintenance 00223,2,1,701,,100.0,1.0,0.0,701:2
synth misc 00103,1,1,411,,100.0,1.0,0.0,411:1
synth office 00155,9,1,625,,100.0,1.0,0.0,625:9
synth maintenance 00639,3,1,635,,100.0,1.0,0.0,635:3
synth maintenance 00373,3,2,612,,66.67,0.6667,0.3333,612:2;607:1
synth utility 00310,2,1,607,,100.0,1.0,0.0,607:2
synth service 00797,2,1,6022,,100.0,1.0,0.0,6022:2
synth service 00370,1,1,401,,100.0,1.0,0.0,401:1
synth packaging 01063,1,1,401,,100.0,1.0,0.0,401:1
synth fuel 00544,1,1,622,,100.0,1.0,0.0,622:1
synth packaging 00442,1,1,609,,100.0,1.0,0.0,609:1
synth office 00718,1,1,608,,100.0,1.0,0.0,608:1
synth fuel 00203,1,1,607,,100.0,1.0,0.0,607:1
synth utility 01120,1,1,607,,100.0,1.0,0.0,607:1
synth utility 00709,1,1,608,,100.0,1.0,0.0,608:1
synth packaging 00324,1,1,622,,100.0,1.0,0.0,622:1
synth maintenance 00576,2,1,605,,100.0,1.0,0.0,605:2
synth retail 00626,4,1,607,,100.0,1.0,0.0,607:4
synth fuel 00375,1,1,602,,100.0,1.0,0.0,602:1
synth fuel 01108,2,1,605,,100.0,1.0,0.0,605:2
synth service 00836,1,1,602,,100.0,1.0,0.0,602:1
synth retail 00466,2,1,401,,100.0,1.0,0.0,401:2
synth retail 00917,10,2,613,,60.0,0.6,0.4,613:6;401:4
synth fuel 00415,4,1,704,,100.0,1.0,0.0,704:4
synth retail 00081,1,1,704,,100.0,1.0,0.0,704:1
synth maintenance 00662,1,1,411,,100.0,1.0,0.0,411:1
synth retail 00250,3,1,601,,100.0,1.0,0.0,601:3
synth transport 00095,4,1,701,,100.0,1.0,0.0,701:4
synth retail 00213,3,1,613,,100.0,1.0,0.0,613:3
synth office 00067,2,1,612,,100.0,1.0,0.0,612:2
synth retail 00200,1,1,371,,100.0,1.0,0.0,371:1
synth maintenance 00578,1,1,602,,100.0,1.0,0.0,602:1
synth retail 01176,4,1,4427,,100.0,1.0,0.0,4427:4
synth service 00998,1,1,612,,100.0,1.0,0.0,612:1
synth transport 00967,2,1,601,,100.0,1.0,0.0,601:2
synth fuel 00249,1,1,605,,100.0,1.0,0.0,605:1
synth retail 00683,2,2,625,,50.0,0.5,0.5,625:1;401:1
synth transport 01094,3,1,625,,100.0,1.0,0.0,625:3
synth utility 01098,1,1,602,,100.0,1.0,0.0,602:1
synth fuel 00270,1,1,707,,100.0,1.0,0.0,707:1
synth packaging 01025,6,1,4427,,100.0,1.0,0.0,4427:6
synth office 00026,5,1,707,,100.0,1.0,0.0,707:5
synth office 00779,2,1,635,,100.0,1.0,0.0,635:2
synth retail 00979,6,1,601,,100.0,1.0,0.0,601:6
synth raw material 00436,2,1,704,,100.0,1.0,0.0,704:2
synth maintenance 00866,2,1,701,,100.0,1.0,0.0,701:2
synth retail 00890,1,1,622,,100.0,1.0,0.0,622:1
synth utility 01037,1,1,704,,100.0,1.0,0.0,704:1
synth fuel 00261,3,1,4427,,100.0,1.0,0.0,4427:3
synth maintenance 00951,1,1,601,,100.0,1.0,0.0,601:1
synth maintenance 00151,4,1,6022,,100.0,1.0,0.0,6022:4
synth transport 00443,3,1,612,,100.0,1.0,0.0,612:3
synth misc 00572,10,1,601,,100.0,1.0,0.0,601:10
synth misc 00780,13,1,411,,100.0,1.0,0.0,411:13
synth packaging 00309,3,1,411,,100.0,1.0,0.0,411:3
synth utility 00669,7,1,707,,100.0,1.0,0.0,707:7
synth maintenance 01163,3,1,622,,100.0,1.0,0.0,622:3
synth transport 00485,1,1,609,,100.0,1.0,0.0,609:1
synth raw material 00910,2,1,605,,100.0,1.0,0.0,605:2
synth service 00312,2,1,635,,100.0,1.0,0.0,635:2
synth misc 00765,1,1,401,,100.0,1.0,0.0,401:1
synth misc 00993,3,1,4427,,100.0,1.0,0.0,4427:3
synth fuel 00716,19,1,601,,100.0,1.0,0.0,601:19
synth office 00127,5,1,612,,100.0,1.0,0.0,612:5
synth misc 00264,5,1,4426,,100.0,1.0,0.0,4426:5
synth retail 00331,3,1,613,,100.0,1.0,0.0,613:3
synth packaging 00468,5,1,613,,100.0,1.0,0.0,613:5
synth transport 00297,2,1,707,,100.0,1.0,0.0,707:2
synth raw material 01089,2,1,613,,100.0,1.0,0.0,613:2
synth fuel 00566,3,1,707,,100.0,1.0,0.0,707:3
synth raw material 01007,2,1,628,,100.0,1.0,0.0,628:2
synth utility 00580,1,1,613,,100.0,1.0,0.0,613:1
synth office 00996,2,1,628,,100.0,1.0,0.0,628:2
synth packaging 01145,1,1,704,,100.0,1.0,0.0,704:1
synth fuel 00382,3,1,701,,100.0,1.0,0.0,701:3
synth office 00050,3,1,704,,100.0,1.0,0.0,704:3
synth office 01091,40,1,605,,100.0,1.0,0.0,605:40
synth raw material 00351,6,1,602,,100.0,1.0,0.0,602:6
synth misc 00876,9,1,607,,100.0,1.0,0.0,607:9
synth retail 00630,10,1,608,,100.0,1.0,0.0,608:10
synth misc 00311,9,1,625,,100.0,1.0,0.0,625:9
synth misc 00700,7,1,613,,100.0,1.0,0.0,613:7
synth service 00768,8,1,401,,100.0,1.0,0.0,401:8
synth packaging 00335,4,1,609,,100.0,1.0,0.0,609:4
synth misc 00208,10,1,609,,100.0,1.0,0.0,609:10
synth retail 00735,5,1,602,,100.0,1.0,0.0,602:5
synth utility 00036,2,1,601,,100.0,1.0,0.0,601:2
synth maintenance 00115,2,1,625,,100.0,1.0,0.0,625:2
synth packaging 00243,4,1,601,,100.0,1.0,0.0,601:4
synth utility 00340,2,1,635,,100.0,1.0,0.0,635:2
synth transport 00627,1,1,704,,100.0,1.0,0.0,704:1
synth utility 00275,1,1,411,,100.0,1.0,0.0,411:1
synth retail 00647,2,1,4426,,100.0,1.0,0.0,4426:2
synth raw material 01039,1,1,701,,100.0,1.0,0.0,701:1
synth maintenance 00205,2,1,628,,100.0,1.0,0.0,628:2
synth fuel 00667,1,1,371,,100.0,1.0,0.0,371:1
synth raw material 00984,1,1,605,,100.0,1.0,0.0,605:1
