normalized_product,total_lines,n_vat_rates,dominant_vat,dominant_vat_pct,vat_rates
synth maintenance 00545,4,1,19.00,100.0,19.00:4
synth office 01085,15,2,11.00,93.33,11.00:14;21.00:1
synth raw material 01041,5,1,5.00,100.0,5.00:5
synth utility 01016,31,1,19.00,100.0,19.00:31
synth raw material 00027,50,4,11.00,92.0,0.00:1;11.00:46;5.00:2;19.00:1
synth utility 00135,3,1,9.00,100.0,9.00:3
synth misc 00054,5,1,0.00,100.0,0.00:5
synth office 00581,39,2,11.00,97.44,11.00:38;5.00:1
synth raw material 01045,7,1,19.00,100.0,19.00:7
synth service 00239,22,2,19.00,95.45,0.00:1;19.00:21
synth service 00787,5,1,11.00,100.0,11.00:5
synth packaging 00995,1,1,21.00,100.0,21.00:1
synth maintenance 01069,2,1,11.00,100.0,11.00:2
synth utility 00587,7,2,11.00,85.71,11.00:6;19.00:1
synth office 00284,2,1,19.00,100.0,19.00:2
synth packaging 01194,1,1,19.00,100.0,19.00:1
synth retail 01130,14,1,5.00,100.0,5.00:14
synth packaging 00004,1,1,0.00,100.0,0.00:1
synth transport 00009,1,1,5.00,100.0,5.00:1
synth retail 00911,1,1,0.00,100.0,0.00:1
synth service 00389,18,2,0.00,94.44,0.00:17;9.00:1
synth service 00101,158,5,9.00,94.94,9.00:150;5.00:3;0.00:1;19.00:3;21.00:1
synth fuel 00441,6,1,0.00,100.0,0.00:6
synth fuel 00792,6,1,21.00,100.0,21.00:6
synth office 00959,3,1,5.00,100.0,5.00:3
synth utility 00946,3,1,9.00,100.0,9.00:3
synth misc 01118,2,2,5.00,50.0,5.00:1;21.00:1
synth service 00381,3,1,19.00,100.0,19.00:3
synth retail 00484,3,1,5.00,100.0,5.00:3
synth retail 00136,3,1,11.00,100.0,11.00:3
synth fuel 00750,2,1,19.00,100.0,19.00:2
synth service 00201,2,1,21.00,100.0,21.00:2
synth misc 01042,1,1,9.00,100.0,9.00:1
synth service 00480,2,1,9.00,100.0,9.00:2
synth maintenance 01121,84,2,19.00,97.62,19.00:82;11.00:2
synth office 00977,23,3,0.00,91.3,0.00:21;21.00:1;11.00:1
synth packaging 00196,10,1,11.00,100.0,11.00:10
synth office 00499,24,2,11.00,95.83,11.00:23;5.00:1
synth retail 00629,2,1,19.00,100.0,19.00:2
synth office 00927,15,2,5.00,93.33,5.00:14;11.00:1
synth office 00282,18,2,5.00,94.44,5.00:17;0.00:1
synth retail 00070,60,3,21.00,96.67,21.00:58;5.00:1;9.00:1
synth packaging 00094,41,3,9.00,95.12,9.00:39;19.00:1;0.00:1
synth retail 00493,373,6,11.00,94.64,11.00:353;9.00:9;21.00:4;0.00:2;5.00:2;19.00:3
synth utility 01083,179,5,9.00,94.41,9.00:169;21.00:3;11.00:3;5.00:3;0.00:1
synth office 00841,29,1,19.00,100.0,19.00:29
synth retail 00932,62,6,5.00,91.94,5.00:57;9.00:1;0.00:1;21.00:1;11.00:1;19.00:1
synth service 00253,65,2,5.00,96.92,5.00:63;11.00:2
synth packaging 00299,15,3,11.00,86.67,21.00:1;11.00:13;19.00:1
synth utility 00833,10,2,0.00,90.0,0.00:9;19.00:1
synth raw material 00601,19,2,5.00,94.74,5.00:18;19.00:1
synth misc 01191,27,1,9.00,100.0,9.00:27
synth transport 00872,26,4,11.00,88.46,11.00:23;0.00:1;21.00:1;9.00:1
synth office 00928,43,4,11.00,90.7,11.00:39;21.00:1;0.00:1;5.00:2
synth retail 01128,4,1,11.00,100.0,11.00:4
synth raw material 01015,34,3,21.00,94.12,21.00:32;9.00:1;0.00:1
synth packaging 00546,12,2,0.00,91.67,0.00:11;9.00:1
synth misc 00131,6,1,21.00,100.0,21.00:6
synth maintenance 00664,5,1,21.00,100.0,21.00:5
synth utility 00914,41,2,11.00,95.12,11.00:39;5.00:2
synth office 00226,2,1,0.00,100.0,0.00:2
synth retail 01178,5,1,9.00,100.0,9.00:5
synth misc 00822,7,1,11.00,100.0,11.00:7
synth retail 00971,4,2,21.00,75.0,21.00:3;11.00:1
synth maintenance 00939,1,1,11.00,100.0,11.00:1
synth transport 00232,4,1,0.00,100.0,0.00:4
synth retail 00615,1,1,9.00,100.0,9.00:1
synth fuel 00907,1,1,9.00,100.0,9.00:1
synth utility 00473,6,1,19.00,100.0,19.00:6
synth utility 00159,3,1,21.00,100.0,21.00:3
synth packaging 00421,26,2,9.00,96.15,9.00:25;0.00:1
synth raw material 00854,8,1,9.00,100.0,9.00:8
synth service 00192,2,1,0.00,100.0,0.00:2
synth service 00497,15,2,21.00,93.33,9.00:1;21.00:14
synth fuel 00333,3,1,19.00,100.0,19.00:3
synth packaging 00173,2,1,0.00,100.0,0.00:2
synth maintenance 00806,2,1,9.00,100.0,9.00:2
synth misc 00778,1,1,21.00,100.0,21.00:1
synth transport 00193,1,1,19.00,100.0,19.00:1
synth raw material 00405,1,1,21.00,100.0,21.00:1
synth transport 00231,1,1,5.00,100.0,5.00:1
synth service 00055,51,3,0.00,96.08,0.00:49;19.00:1;5.00:1
synth service 00736,1,1,19.00,100.0,19.00:1
synth misc 01081,1,1,0.00,100.0,0.00:1
synth office 00225,1,1,0.00,100.0,0.00:1
synth office 00654,5,1,9.00,100.0,9.00:5
synth utility 00749,23,3,0.00,91.3,0.00:21;11.00:1;21.00:1
synth retail 00164,54,3,21.00,92.59,21.00:50;11.00:2;19.00:2
synth service 00332,11,2,0.00,90.91,0.00:10;9.00:1
synth office 00635,27,1,21.00,100.0,21.00:27
synth utility 00657,1,1,5.00,100.0,5.00:1
synth utility 00878,11,2,21.00,90.91,21.00:10;11.00:1
synth raw material 00761,2,1,0.00,100.0,0.00:2
synth service 00211,4,1,9.00,100.0,9.00:4
synth office 01155,46,5,5.00,89.13,5.00:41;0.00:2;19.00:1;11.00:1;9.00:1
synth raw material 00935,15,1,11.00,100.0,11.00:15
synth maintenance 01110,10,1,9.00,100.0,9.00:10
synth office 01087,35,2,11.00,97.14,11.00:34;19.00:1
synth fuel 00950,1,1,21.00,100.0,21.00:1
synth transport 00366,6,1,9.00,100.0,9.00:6
synth misc 00425,2,2,9.00,50.0,9.00:1;21.00:1
synth misc 00042,2,1,5.00,100.0,5.00:2
synth packaging 00658,6,2,9.00,83.33,9.00:5;11.00:1
synth raw material 00338,2,1,0.00,100.0,0.00:2
synth misc 00840,1,1,0.00,100.0,0.00:1
synth transport 00590,1,1,19.00,100.0,19.00:1
synth transport 00565,10,2,19.00,90.0,19.00:9;9.00:1
synth fuel 00402,3,2,5.00,66.67,5.00:2;9.00:1
synth office 00271,6,1,21.00,100.0,21.00:6
synth misc 00579,9,1,11.00,100.0,11.00:9
synth transport 00334,2,1,19.00,100.0,19.00:2
synth retail 00944,11,3,11.00,81.82,5.00:1;11.00:9;19.00:1
synth maintenance 00867,1,1,19.00,100.0,19.00:1
synth packaging 00858,43,3,19.00,95.35,19.00:41;5.00:1;9.00:1
synth transport 01062,3,1,5.00,100.0,5.00:3
synth misc 00393,42,2,5.00,97.62,5.00:41;19.00:1
synth office 00374,2,1,5.00,100.0,5.00:2
synth transport 00495,2,1,0.00,100.0,0.00:2
synth fuel 00756,8,2,5.00,87.5,5.00:7;9.00:1
synth fuel 00762,2,1,0.00,100.0,0.00:2
synth fuel 00047,59,3,5.00,94.92,5.00:56;19.00:2;11.00:1
synth raw material 00365,3,2,21.00,66.67,5.00:1;21.00:2
synth maintenance 00605,6,1,9.00,100.0,9.00:6
synth utility 00227,4,1,0.00,100.0,0.00:4
synth fuel 00985,8,1,9.00,100.0,9.00:8
synth raw material 00265,2,2,19.00,50.0,19.00:1;0.00:1
synth packaging 00129,3,1,19.00,100.0,19.00:3
synth fuel 00968,2,1,0.00,100.0,0.00:2
synth fuel 00481,23,1,5.00,100.0,5.00:23
synth raw material 01103,9,2,5.00,88.89,5.00:8;11.00:1
synth maintenance 00594,3,1,21.00,100.0,21.00:3
synth packaging 01049,1,1,19.00,100.0,19.00:1
synth fuel 00732,18,3,19.00,88.89,19.00:16;11.00:1;9.00:1
synth service 00980,8,1,9.00,100.0,9.00:8
synth utility 00398,10,1,9.00,100.0,9.00:10
synth raw material 00494,13,2,0.00,92.31,0.00:12;9.00:1
synth office 00604,22,4,21.00,86.36,21.00:19;0.00:1;5.00:1;9.00:1
synth raw material 00216,57,4,0.00,94.74,0.00:54;21.00:1;5.00:1;9.00:1
synth transport 01057,9,1,5.00,100.0,5.00:9
synth fuel 01033,5,1,9.00,100.0,9.00:5
synth office 00014,7,1,19.00,100.0,19.00:7
synth transport 00343,1,1,5.00,100.0,5.00:1
synth transport 00064,1,1,5.00,100.0,5.00:1
synth maintenance 00049,15,3,0.00,86.67,0.00:13;19.00:1;9.00:1
synth misc 00154,2,1,5.00,100.0,5.00:2
synth utility 00080,4,1,11.00,100.0,11.00:4
synth service 00651,2,2,19.00,50.0,19.00:1;11.00:1
synth misc 00125,3,1,21.00,100.0,21.00:3
synth packaging 00194,1,1,5.00,100.0,5.00:1
synth retail 00021,4,1,11.00,100.0,11.00:4
synth utility 00190,1,1,0.00,100.0,0.00:1
synth misc 00643,29,3,0.00,93.1,0.00:27;21.00:1;11.00:1
synth maintenance 00597,4,2,9.00,75.0,9.00:3;0.00:1
synth misc 00346,3,2,19.00,66.67,21.00:1;19.00:2
synth misc 00269,7,1,11.00,100.0,11.00:7
synth transport 00457,28,2,19.00,96.43,19.00:27;9.00:1
synth packaging 00369,16,2,9.00,93.75,19.00:1;9.00:15
synth transport 00740,2,1,9.00,100.0,9.00:2
synth raw material 00286,14,1,11.00,100.0,11.00:14
synth misc 00953,11,1,19.00,100.0,19.00:11
synth office 00616,13,2,19.00,92.31,5.00:1;19.00:12
synth maintenance 00472,1,1,9.00,100.0,9.00:1
synth raw material 01010,12,2,9.00,91.67,9.00:11;11.00:1
synth packaging 00970,11,1,5.00,100.0,5.00:11
synth raw material 00596,3,1,11.00,100.0,11.00:3
synth maintenance 01184,5,3,5.00,60.0,11.00:1;5.00:3;21.00:1
synth retail 00715,3,1,21.00,100.0,21.00:3
synth fuel 00033,1,1,11.00,100.0,11.00:1
synth transport 01132,7,2,11.00,85.71,11.00:6;9.00:1
synth utility 00352,2,1,11.00,100.0,11.00:2
synth packaging 00784,4,1,9.00,100.0,9.00:4
synth misc 00542,6,1,11.00,100.0,11.00:6
synth office 00023,5,1,5.00,100.0,5.00:5
synth misc 01175,2,1,11.00,100.0,11.00:2
synth utility 00655,4,1,21.00,100.0,21.00:4
synth maintenance 01159,6,1,21.00,100.0,21.00:6
synth transport 01080,3,1,19.00,100.0,19.00:3
synth retail 00642,10,1,0.00,100.0,0.00:10
synth retail 00327,2,2,21.00,50.0,21.00:1;5.00:1
synth packaging 00355,3,1,21.00,100.0,21.00:3
synth office 00407,235,4,11.00,97.45,11.00:229;5.00:4;19.00:1;21.00:1
synth fuel 00895,23,4,5.00,82.61,5.00:19;21.00:2;11.00:1;19.00:1
synth retail 00757,31,2,19.00,96.77,19.00:30;0.00:1
synth raw material 00353,28,1,0.00,100.0,0.00:28
synth service 00122,55,2,11.00,96.36,11.00:53;0.00:2
synth raw material 00069,46,3,5.00,95.65,5.00:44;21.00:1;11.00:1
synth utility 00504,17,2,0.00,94.12,0.00:16;11.00:1
synth misc 00163,15,2,0.00,93.33,11.00:1;0.00:14
synth retail 00132,20,1,19.00,100.0,19.00:20
synth utility 00812,23,1,11.00,100.0,11.00:23
synth service 00804,14,3,21.00,85.71,21.00:12;19.00:1;9.00:1
synth utility 00800,13,2,19.00,92.31,19.00:12;5.00:1
synth retail 00620,6,2,21.00,83.33,21.00:5;5.00:1
synth office 01032,68,4,9.00,94.12,21.00:1;9.00:64;19.00:2;5.00:1
synth retail 00744,29,3,19.00,93.1,19.00:27;0.00:1;5.00:1
synth fuel 00273,13,2,5.00,92.31,5.00:12;21.00:1
synth utility 00469,16,2,21.00,93.75,21.00:15;11.00:1
synth utility 00450,19,2,9.00,94.74,9.00:18;19.00:1
synth retail 00447,85,3,21.00,95.29,5.00:2;21.00:81;11.00:2
synth service 00454,27,3,9.00,88.89,19.00:2;9.00:24;0.00:1
synth packaging 00825,14,3,11.00,85.71,11.00:12;0.00:1;19.00:1
synth fuel 00539,4,2,5.00,75.0,5.00:3;21.00:1
synth raw material 00837,10,1,0.00,100.0,0.00:10
synth office 00439,13,1,0.00,100.0,0.00:13
synth office 00561,4,1,11.00,100.0,11.00:4
synth fuel 00470,8,1,21.00,100.0,21.00:8
synth office 01124,4,2,21.00,75.0,21.00:3;9.00:1
synth raw material 00573,11,1,21.00,100.0,21.00:11
synth raw material 00893,6,1,21.00,100.0,21.00:6
synth misc 00315,9,2,5.00,88.89,5.00:8;19.00:1
synth office 00209,6,1,21.00,100.0,21.00:6
synth maintenance 00656,5,1,0.00,100.0,0.00:5
synth raw material 00829,5,1,9.00,100.0,9.00:5
synth maintenance 00345,4,2,21.00,75.0,21.00:3;5.00:1
synth service 00278,7,2,9.00,85.71,9.00:6;5.00:1
synth packaging 00619,24,1,21.00,100.0,21.00:24
synth misc 00912,8,1,19.00,100.0,19.00:8
synth fuel 00738,27,3,5.00,92.59,5.00:25;0.00:1;21.00:1
synth utility 00537,11,1,21.00,100.0,21.00:11
synth fuel 01158,8,2,5.00,87.5,5.00:7;21.00:1
synth fuel 00844,3,1,19.00,100.0,19.00:3
synth office 00811,14,1,11.00,100.0,11.00:14
synth service 00452,43,3,11.00,90.7,11.00:39;21.00:3;9.00:1
synth transport 00955,2,1,21.00,100.0,21.00:2
synth utility 00962,91,4,9.00,96.7,9.00:88;11.00:1;0.00:1;5.00:1
synth office 00177,4,2,5.00,75.0,5.00:3;0.00:1
synth raw material 00503,3,1,21.00,100.0,21.00:3
synth misc 00344,6,3,0.00,66.67,0.00:4;5.00:1;9.00:1
synth utility 00785,3,1,19.00,100.0,19.00:3
synth misc 00116,6,1,0.00,100.0,0.00:6
synth fuel 00570,3,2,9.00,66.67,19.00:1;9.00:2
synth raw material 00357,2,1,19.00,100.0,19.00:2
synth office 01029,3,1,0.00,100.0,0.00:3
synth fuel 00952,1,1,5.00,100.0,5.00:1
synth office 00140,3,1,21.00,100.0,21.00:3
synth raw material 00186,3,1,11.00,100.0,11.00:3
synth office 01013,1,1,5.00,100.0,5.00:1
synth misc 00759,1,1,21.00,100.0,21.00:1
synth misc 00448,1,1,11.00,100.0,11.00:1
synth packaging 00379,4,2,21.00,75.0,21.00:3;0.00:1
synth fuel 00187,2,1,9.00,100.0,9.00:2
synth misc 00404,33,3,11.00,93.94,11.00:31;21.00:1;0.00:1
synth raw material 00707,1,1,0.00,100.0,0.00:1
synth office 01168,1,1,11.00,100.0,11.00:1
synth service 00595,3,1,11.00,100.0,11.00:3
synth misc 00509,1,1,19.00,100.0,19.00:1
synth retail 00391,1,1,9.00,100.0,9.00:1
synth maintenance 00770,1,1,11.00,100.0,11.00:1
synth office 00028,1,1,5.00,100.0,5.00:1
synth transport 00918,1,1,11.00,100.0,11.00:1
synth service 00742,9,1,11.00,100.0,11.00:9
synth office 00479,4,2,9.00,75.0,9.00:3;11.00:1
synth transport 00031,6,1,5.00,100.0,5.00:6
synth retail 00525,5,1,0.00,100.0,0.00:5
synth utility 00794,10,1,0.00,100.0,0.00:10
synth maintenance 00414,5,2,21.00,80.0,21.00:4;0.00:1
synth service 00237,3,1,19.00,100.0,19.00:3
synth raw material 00463,7,2,0.00,85.71,0.00:6;19.00:1
synth retail 00538,7,2,0.00,85.71,0.00:6;21.00:1
synth service 01071,1,1,9.00,100.0,9.00:1
synth packaging 00500,1,1,21.00,100.0,21.00:1
synth utility 00748,4,1,19.00,100.0,19.00:4
synth utility 01023,4,1,19.00,100.0,19.00:4
synth utility 01195,2,1,5.00,100.0,5.00:2
synth service 00713,1,1,9.00,100.0,9.00:1
synth retail 00337,1,1,0.00,100.0,0.00:1
synth packaging 00746,1,1,19.00,100.0,19.00:1
synth maintenance 00098,1,1,21.00,100.0,21.00:1
synth raw material 00307,1,1,11.00,100.0,11.00:1
synth utility 00843,7,1,9.00,100.0,9.00:7
synth maintenance 01181,6,2,9.00,83.33,9.00:5;11.00:1
synth service 00005,10,2,9.00,90.0,9.00:9;19.00:1
synth utility 01074,2,1,5.00,100.0,5.00:2
synth fuel 01077,2,1,0.00,100.0,0.00:2
synth maintenance 00699,6,1,21.00,100.0,21.00:6
synth packaging 00554,17,1,21.00,100.0,21.00:17
synth packaging 00134,1,1,21.00,100.0,21.00:1
synth utility 00982,6,1,9.00,100.0,9.00:6
synth service 00753,41,2,19.00,97.56,19.00:40;9.00:1
synth transport 00130,1,1,0.00,100.0,0.00:1
synth misc 01190,2,1,11.00,100.0,11.00:2
synth raw material 01055,2,1,0.00,100.0,0.00:2
synth maintenance 00741,4,2,21.00,75.0,21.00:3;5.00:1
synth retail 01030,43,5,9.00,88.37,9.00:38;0.00:2;11.00:1;5.00:1;21.00:1
synth packaging 00625,2,2,21.00,50.0,21.00:1;0.00:1
synth raw material 00019,1,1,9.00,100.0,9.00:1
synth service 00017,5,1,11.00,100.0,11.00:5
synth fuel 00849,1,1,5.00,100.0,5.00:1
synth packaging 01165,1,1,5.00,100.0,5.00:1
synth service 01133,1,1,0.00,100.0,0.00:1
synth office 00073,83,2,5.00,98.8,5.00:82;21.00:1
synth transport 00659,7,1,11.00,100.0,11.00:7
synth maintenance 01180,6,1,5.00,100.0,5.00:6
synth misc 00533,2,1,11.00,100.0,11.00:2
synth service 00945,14,1,19.00,100.0,19.00:14
synth transport 00498,3,1,11.00,100.0,11.00:3
synth misc 00889,4,1,9.00,100.0,9.00:4
synth misc 01186,1,1,9.00,100.0,9.00:1
synth packaging 00636,33,2,9.00,96.97,9.00:32;19.00:1
synth service 00288,2,1,9.00,100.0,9.00:2
synth office 00251,7,1,21.00,100.0,21.00:7
synth maintenance 00185,1,1,11.00,100.0,11.00:1
synth maintenance 00074,14,2,19.00,92.86,19.00:13;21.00:1
synth utility 00930,2,2,9.00,50.0,9.00:1;0.00:1
synth raw material 00032,4,1,5.00,100.0,5.00:4
synth misc 00725,4,1,9.00,100.0,9.00:4
synth raw material 00638,2,1,9.00,100.0,9.00:2
synth packaging 00146,2,1,9.00,100.0,9.00:2
synth packaging 01047,12,1,0.00,100.0,0.00:12
synth retail 01147,3,2,0.00,66.67,0.00:2;21.00:1
synth retail 00022,8,1,5.00,100.0,5.00:8
synth transport 00386,3,1,0.00,100.0,0.00:3
synth office 00612,6,2,21.00,83.33,21.00:5;5.00:1
synth maintenance 01171,12,2,0.00,91.67,0.00:11;11.00:1
synth utility 00758,2,1,9.00,100.0,9.00:2
synth fuel 00705,8,1,11.00,100.0,11.00:8
synth office 00847,7,1,5.00,100.0,5.00:7
synth misc 00246,4,1,11.00,100.0,11.00:4
synth maintenance 01075,1,1,19.00,100.0,19.00:1
synth transport 00644,4,1,11.00,100.0,11.00:4
synth retail 00392,10,2,5.00,90.0,5.00:9;0.00:1
synth maintenance 00737,19,1,9.00,100.0,9.00:19
synth fuel 00133,1,1,9.00,100.0,9.00:1
synth misc 00633,2,1,11.00,100.0,11.00:2
synth retail 00731,1,1,0.00,100.0,0.00:1
synth transport 00056,2,1,19.00,100.0,19.00:2
synth retail 00350,1,1,11.00,100.0,11.00:1
synth utility 00777,29,1,21.00,100.0,21.00:29
synth utility 00739,1,1,21.00,100.0,21.00:1
synth office 00772,1,1,9.00,100.0,9.00:1
synth transport 00710,6,2,11.00,83.33,11.00:5;9.00:1
synth utility 00551,22,1,5.00,100.0,5.00:22
synth misc 00412,2,1,9.00,100.0,9.00:2
synth office 00896,3,1,5.00,100.0,5.00:3
synth transport 01122,1,1,5.00,100.0,5.00:1
synth transport 00799,19,2,5.00,94.74,5.00:18;19.00:1
synth office 00622,13,1,11.00,100.0,11.00:13
synth retail 00314,12,2,5.00,91.67,5.00:11;0.00:1
synth raw material 00165,5,1,11.00,100.0,11.00:5
synth maintenance 01157,30,1,9.00,100.0,9.00:30
synth utility 00852,25,3,21.00,92.0,21.00:23;11.00:1;5.00:1
synth maintenance 00810,16,2,11.00,93.75,11.00:15;19.00:1
synth retail 00874,7,1,9.00,100.0,9.00:7
synth packaging 00973,10,1,0.00,100.0,0.00:10
synth transport 00598,9,1,11.00,100.0,11.00:9
synth packaging 00517,7,3,9.00,71.43,21.00:1;9.00:5;0.00:1
synth packaging 00948,12,1,0.00,100.0,0.00:12
synth packaging 00886,1,1,11.00,100.0,11.00:1
synth office 00535,10,1,19.00,100.0,19.00:10
synth fuel 00591,4,1,19.00,100.0,19.00:4
synth packaging 00855,3,2,11.00,66.67,11.00:2;21.00:1
synth raw material 00183,6,1,0.00,100.0,0.00:6
synth fuel 00118,3,1,5.00,100.0,5.00:3
synth office 00317,1,1,11.00,100.0,11.00:1
synth packaging 00384,1,1,0.00,100.0,0.00:1
synth raw material 00157,8,2,21.00,87.5,21.00:7;0.00:1
synth fuel 01127,2,1,5.00,100.0,5.00:2
synth misc 00891,1,1,19.00,100.0,19.00:1
synth retail 00490,1,1,19.00,100.0,19.00:1
synth raw material 00607,1,1,21.00,100.0,21.00:1
synth maintenance 01200,1,1,0.00,100.0,0.00:1
synth office 00037,6,2,21.00,83.33,21.00:5;0.00:1
synth utility 00815,6,2,9.00,83.33,9.00:5;11.00:1
synth fuel 00623,3,1,21.00,100.0,21.00:3
synth raw material 00851,4,1,19.00,100.0,19.00:4
synth fuel 00397,6,1,0.00,100.0,0.00:6
synth utility 01197,18,1,11.00,100.0,11.00:18
synth utility 01116,6,1,11.00,100.0,11.00:6
synth utility 00846,17,2,19.00,94.12,19.00:16;21.00:1
synth retail 00182,7,1,21.00,100.0,21.00:7
synth office 00320,24,2,9.00,95.83,9.00:23;5.00:1
synth maintenance 00966,1,1,19.00,100.0,19.00:1
synth raw material 00864,2,2,11.00,50.0,11.00:1;21.00:1
synth maintenance 00075,1,1,9.00,100.0,9.00:1
synth retail 00694,1,1,0.00,100.0,0.00:1
synth raw material 00114,1,1,5.00,100.0,5.00:1
synth office 00560,7,1,9.00,100.0,9.00:7
synth transport 00603,5,1,5.00,100.0,5.00:5
synth office 00702,7,1,11.00,100.0,11.00:7
synth raw material 00198,3,1,5.00,100.0,5.00:3
synth maintenance 00107,11,2,0.00,90.91,0.00:10;5.00:1
synth fuel 00091,2,1,21.00,100.0,21.00:2
synth raw material 00174,2,1,11.00,100.0,11.00:2
synth service 01003,3,2,0.00,66.67,0.00:2;21.00:1
synth packaging 00809,4,1,19.00,100.0,19.00:4
synth service 00206,2,1,5.00,100.0,5.00:2
synth maintenance 00215,3,1,9.00,100.0,9.00:3
synth transport 01161,3,1,21.00,100.0,21.00:3
synth retail 00885,4,1,0.00,100.0,0.00:4
synth maintenance 00158,2,1,0.00,100.0,0.00:2
synth packaging 00790,10,2,21.00,90.0,21.00:9;5.00:1
synth utility 00145,4,3,9.00,50.0,19.00:1;9.00:2;0.00:1
synth utility 00293,2,1,19.00,100.0,19.00:2
synth packaging 00905,5,1,19.00,100.0,19.00:5
synth utility 00423,2,1,21.00,100.0,21.00:2
synth service 00520,2,1,19.00,100.0,19.00:2
synth office 00147,1,1,21.00,100.0,21.00:1
synth fuel 00564,1,1,11.00,100.0,11.00:1
synth maintenance 01018,1,1,19.00,100.0,19.00:1
synth fuel 00461,1,1,19.00,100.0,19.00:1
synth maintenance 01084,5,2,19.00,80.0,19.00:4;5.00:1
synth packaging 00781,1,1,0.00,100.0,0.00:1
synth raw material 00721,1,1,11.00,100.0,11.00:1
synth transport 00960,6,1,0.00,100.0,0.00:6
synth utility 00943,31,3,21.00,93.55,21.00:29;11.00:1;5.00:1
synth utility 00303,1,1,9.00,100.0,9.00:1
synth service 00233,2,1,11.00,100.0,11.00:2
synth office 00606,2,1,19.00,100.0,19.00:2
synth office 00296,5,1,5.00,100.0,5.00:5
synth misc 00826,8,1,0.00,100.0,0.00:8
synth retail 00322,5,1,9.00,100.0,9.00:5
synth transport 00727,1,1,11.00,100.0,11.00:1
synth transport 00508,2,1,0.00,100.0,0.00:2
synth fuel 00908,8,2,21.00,87.5,21.00:7;19.00:1
synth maintenance 00613,1,1,0.00,100.0,0.00:1
synth misc 00143,3,1,5.00,100.0,5.00:3
synth office 00922,9,1,0.00,100.0,0.00:9
synth retail 00861,1,1,21.00,100.0,21.00:1
synth transport 00832,1,1,5.00,100.0,5.00:1
synth retail 00528,4,1,9.00,100.0,9.00:4
synth packaging 00512,1,1,9.00,100.0,9.00:1
synth maintenance 00323,1,1,9.00,100.0,9.00:1
synth maintenance 00559,1,1,21.00,100.0,21.00:1
synth packaging 00368,1,1,19.00,100.0,19.00:1
synth retail 00138,5,1,0.00,100.0,0.00:5
synth utility 00051,30,2,9.00,96.67,9.00:29;0.00:1
synth fuel 01008,10,1,9.00,100.0,9.00:10
synth retail 01044,7,1,5.00,100.0,5.00:7
synth office 01086,4,1,0.00,100.0,0.00:4
synth service 00248,8,1,11.00,100.0,11.00:8
synth service 00180,7,1,21.00,100.0,21.00:7
synth maintenance 00678,1,1,5.00,100.0,5.00:1
synth raw material 00558,19,1,11.00,100.0,11.00:19
synth office 00377,1,1,9.00,100.0,9.00:1
synth misc 00319,3,1,19.00,100.0,19.00:3
synth office 00313,1,1,21.00,100.0,21.00:1
synth retail 00280,14,2,19.00,92.86,19.00:13;21.00:1
synth misc 00301,1,1,0.00,100.0,0.00:1
synth office 01058,10,2,9.00,90.0,9.00:9;19.00:1
synth packaging 00660,2,1,11.00,100.0,11.00:2
synth service 00913,1,1,11.00,100.0,11.00:1
synth fuel 00888,4,1,19.00,100.0,19.00:4
synth office 01019,1,1,19.00,100.0,19.00:1
synth service 00632,2,1,9.00,100.0,9.00:2
synth retail 00610,1,1,11.00,100.0,11.00:1
synth office 00169,1,1,0.00,100.0,0.00:1
synth packaging 00734,8,2,11.00,87.5,11.00:7;21.00:1
synth utility 00445,1,1,9.00,100.0,9.00:1
synth maintenance 00385,1,1,5.00,100.0,5.00:1
synth transport 00220,1,1,11.00,100.0,11.00:1
synth raw material 00677,1,1,19.00,100.0,19.00:1
synth retail 01000,1,1,19.00,100.0,19.00:1
synth raw material 00321,8,3,19.00,75.0,19.00:6;21.00:1;11.00:1
synth transport 00302,2,1,5.00,100.0,5.00:2
synth raw material 01059,3,1,0.00,100.0,0.00:3
synth transport 00092,3,1,5.00,100.0,5.00:3
synth maintenance 00820,5,1,11.00,100.0,11.00:5
synth office 00796,1,1,5.00,100.0,5.00:1
synth raw material 00618,2,2,11.00,50.0,11.00:1;0.00:1
synth misc 00668,2,1,11.00,100.0,11.00:2
synth utility 01076,2,1,21.00,100.0,21.00:2
synth office 00552,2,1,0.00,100.0,0.00:2
synth packaging 00160,1,1,9.00,100.0,9.00:1
synth maintenance 00360,1,1,9.00,100.0,9.00:1
synth service 00060,2,1,21.00,100.0,21.00:2
synth utility 00801,2,1,5.00,100.0,5.00:2
synth raw material 00513,5,2,19.00,80.0,19.00:4;21.00:1
synth packaging 00254,1,1,21.00,100.0,21.00:1
synth fuel 00007,1,1,5.00,100.0,5.00:1
synth misc 00816,1,1,9.00,100.0,9.00:1
synth service 00802,26,1,21.00,100.0,21.00:26
synth utility 01135,1,1,19.00,100.0,19.00:1
synth packaging 00783,1,1,21.00,100.0,21.00:1
synth raw material 00482,3,1,9.00,100.0,9.00:3
synth maintenance 00276,4,1,19.00,100.0,19.00:4
synth raw material 00767,16,3,9.00,87.5,9.00:14;0.00:1;11.00:1
synth raw material 00349,13,2,0.00,92.31,0.00:12;19.00:1
synth office 00010,30,2,11.00,93.33,19.00:2;11.00:28
synth service 00341,17,1,21.00,100.0,21.00:17
synth misc 00181,7,1,21.00,100.0,21.00:7
synth maintenance 01150,9,1,9.00,100.0,9.00:9
synth service 00268,6,1,11.00,100.0,11.00:6
synth packaging 00648,47,3,5.00,93.62,5.00:44;19.00:2;11.00:1
synth packaging 00462,5,1,5.00,100.0,5.00:5
synth office 00006,11,2,19.00,90.91,19.00:10;21.00:1
synth service 00137,3,1,19.00,100.0,19.00:3
synth transport 01066,17,1,11.00,100.0,11.00:17
synth transport 00957,2,1,19.00,100.0,19.00:2
synth retail 00692,1,1,21.00,100.0,21.00:1
synth maintenance 00990,1,1,21.00,100.0,21.00:1
synth office 00884,1,1,11.00,100.0,11.00:1
synth utility 00842,1,1,11.00,100.0,11.00:1
synth service 00650,6,1,9.00,100.0,9.00:6
synth utility 01053,3,1,0.00,100.0,0.00:3
synth office 00356,9,1,11.00,100.0,11.00:9
synth fuel 00722,1,1,21.00,100.0,21.00:1
synth transport 00530,1,1,11.00,100.0,11.00:1
synth packaging 00486,1,1,0.00,100.0,0.00:1
synth transport 00038,3,1,11.00,100.0,11.00:3
synth maintenance 00257,48,4,11.00,91.67,11.00:44;21.00:2;5.00:1;9.00:1
synth utility 00845,1,1,9.00,100.0,9.00:1
synth maintenance 00328,5,1,5.00,100.0,5.00:5
synth office 00467,2,1,21.00,100.0,21.00:2
synth office 00880,3,1,0.00,100.0,0.00:3
synth office 00877,1,1,0.00,100.0,0.00:1
synth packaging 00221,2,2,5.00,50.0,5.00:1;9.00:1
synth office 00617,2,1,19.00,100.0,19.00:2
synth maintenance 00676,2,1,9.00,100.0,9.00:2
synth service 00266,2,1,19.00,100.0,19.00:2
synth transport 01070,1,1,9.00,100.0,9.00:1
synth raw material 00672,3,2,9.00,66.67,9.00:2;11.00:1
synth office 00475,4,2,5.00,75.0,5.00:3;11.00:1
synth maintenance 00686,2,1,9.00,100.0,9.00:2
synth utility 00921,1,1,0.00,100.0,0.00:1
synth fuel 01031,1,1,9.00,100.0,9.00:1
synth retail 00588,1,1,5.00,100.0,5.00:1
synth packaging 00235,4,1,19.00,100.0,19.00:4
synth utility 01193,1,1,9.00,100.0,9.00:1
synth raw material 00458,3,1,9.00,100.0,9.00:3
synth raw material 00195,2,1,9.00,100.0,9.00:2
synth transport 00754,1,1,21.00,100.0,21.00:1
synth fuel 00330,1,1,19.00,100.0,19.00:1
synth packaging 01146,1,1,19.00,100.0,19.00:1
synth retail 01020,1,1,11.00,100.0,11.00:1
synth transport 00704,1,1,0.00,100.0,0.00:1
synth packaging 00978,1,1,11.00,100.0,11.00:1
synth service 00306,1,1,5.00,100.0,5.00:1
synth utility 00712,13,1,11.00,100.0,11.00:13
synth packaging 00001,5,1,0.00,100.0,0.00:5
synth office 01054,11,2,21.00,90.91,21.00:10;19.00:1
synth packaging 00044,3,1,11.00,100.0,11.00:3
synth raw material 00110,13,4,21.00,76.92,21.00:10;19.00:1;11.00:1;5.00:1
synth service 01095,4,1,5.00,100.0,5.00:4
synth service 00653,2,1,5.00,100.0,5.00:2
synth packaging 00986,2,1,21.00,100.0,21.00:2
synth maintenance 01107,12,1,19.00,100.0,19.00:12
synth transport 00149,2,1,11.00,100.0,11.00:2
synth office 00574,6,2,0.00,83.33,0.00:5;9.00:1
synth service 00153,2,1,21.00,100.0,21.00:2
synth utility 01067,1,1,19.00,100.0,19.00:1
synth transport 00637,1,1,11.00,100.0,11.00:1
synth maintenance 00983,14,3,5.00,78.57,5.00:11;0.00:2;21.00:1
synth retail 00170,1,1,19.00,100.0,19.00:1
synth packaging 00556,1,1,9.00,100.0,9.00:1
synth packaging 00689,30,1,0.00,100.0,0.00:30
synth raw material 00105,4,1,9.00,100.0,9.00:4
synth utility 00641,6,1,0.00,100.0,0.00:6
synth service 00987,2,1,19.00,100.0,19.00:2
synth utility 00823,2,1,19.00,100.0,19.00:2
synth fuel 00999,3,1,11.00,100.0,11.00:3
synth office 01056,2,1,5.00,100.0,5.00:2
synth misc 00857,13,3,9.00,84.62,9.00:11;21.00:1;5.00:1
synth raw material 00104,8,1,19.00,100.0,19.00:8
synth maintenance 00507,22,3,0.00,90.91,0.00:20;5.00:1;11.00:1
synth service 00222,3,1,0.00,100.0,0.00:3
synth fuel 00733,1,1,5.00,100.0,5.00:1
synth packaging 00348,7,1,11.00,100.0,11.00:7
synth maintenance 00082,2,1,9.00,100.0,9.00:2
synth retail 00838,3,1,9.00,100.0,9.00:3
synth transport 00285,2,1,9.00,100.0,9.00:2
synth service 00142,2,1,9.00,100.0,9.00:2
synth packaging 00522,1,1,21.00,100.0,21.00:1
synth transport 00516,6,3,9.00,66.67,21.00:1;9.00:4;11.00:1
synth office 00308,3,1,0.00,100.0,0.00:3
synth transport 00199,3,1,0.00,100.0,0.00:3
synth maintenance 00093,1,1,0.00,100.0,0.00:1
synth misc 00242,1,1,5.00,100.0,5.00:1
synth misc 00730,1,1,0.00,100.0,0.00:1
synth raw material 00873,1,1,5.00,100.0,5.00:1
synth fuel 00139,2,1,11.00,100.0,11.00:2
synth packaging 00178,1,1,5.00,100.0,5.00:1
synth utility 00083,1,1,0.00,100.0,0.00:1
synth office 01014,2,1,11.00,100.0,11.00:2
synth raw material 00025,3,1,21.00,100.0,21.00:3
synth retail 00940,10,3,21.00,80.0,21.00:8;5.00:1;0.00:1
synth packaging 00501,2,1,5.00,100.0,5.00:2
synth service 00358,1,1,0.00,100.0,0.00:1
synth office 00894,7,2,11.00,85.71,11.00:6;0.00:1
synth retail 00519,5,1,21.00,100.0,21.00:5
synth packaging 00483,1,1,11.00,100.0,11.00:1
synth office 00624,1,1,19.00,100.0,19.00:1
synth raw material 01005,2,2,19.00,50.0,19.00:1;5.00:1
synth fuel 00465,5,2,9.00,80.0,9.00:4;19.00:1
synth raw material 00923,1,1,0.00,100.0,0.00:1
synth maintenance 00141,2,1,11.00,100.0,11.00:2
synth service 00714,1,1,0.00,100.0,0.00:1
synth packaging 00628,3,1,5.00,100.0,5.00:3
synth maintenance 00086,46,4,19.00,91.3,19.00:42;21.00:1;9.00:1;11.00:2
synth utility 01185,1,1,11.00,100.0,11.00:1
synth transport 01009,7,1,21.00,100.0,21.00:7
synth maintenance 00065,9,2,0.00,88.89,0.00:8;19.00:1
synth service 00002,5,1,11.00,100.0,11.00:5
synth fuel 01183,5,2,5.00,80.0,5.00:4;21.00:1
synth raw material 00424,2,1,21.00,100.0,21.00:2
synth raw material 01100,3,1,21.00,100.0,21.00:3
synth utility 00008,4,1,21.00,100.0,21.00:4
synth office 00690,1,1,19.00,100.0,19.00:1
synth packaging 00376,4,1,9.00,100.0,9.00:4
synth packaging 00831,5,2,11.00,80.0,5.00:1;11.00:4
synth maintenance 00506,3,1,11.00,100.0,11.00:3
synth misc 00456,4,1,9.00,100.0,9.00:4
synth misc 00863,13,1,5.00,100.0,5.00:13
synth fuel 00013,5,1,0.00,100.0,0.00:5
synth packaging 01050,9,1,5.00,100.0,5.00:9
synth packaging 00367,2,1,21.00,100.0,21.00:2
synth maintenance 00695,4,2,5.00,75.0,5.00:3;0.00:1
synth maintenance 00347,2,1,5.00,100.0,5.00:2
synth utility 00671,4,3,5.00,50.0,11.00:1;5.00:2;21.00:1
synth fuel 00176,2,1,19.00,100.0,19.00:2
synth transport 00238,2,1,0.00,100.0,0.00:2
synth retail 00924,3,1,11.00,100.0,11.00:3
synth office 00289,1,1,5.00,100.0,5.00:1
synth office 00290,19,1,0.00,100.0,0.00:19
synth packaging 00674,6,1,19.00,100.0,19.00:6
synth utility 00455,11,2,5.00,90.91,5.00:10;21.00:1
synth fuel 00219,7,1,5.00,100.0,5.00:7
synth utility 00631,3,1,11.00,100.0,11.00:3
synth raw material 00915,1,1,19.00,100.0,19.00:1
synth service 01138,14,2,0.00,92.86,0.00:13;5.00:1
synth retail 00813,2,1,19.00,100.0,19.00:2
synth misc 00395,1,1,21.00,100.0,21.00:1
synth retail 01160,4,1,21.00,100.0,21.00:4
synth service 01112,9,1,9.00,100.0,9.00:9
synth fuel 00989,1,1,19.00,100.0,19.00:1
synth misc 00600,5,3,5.00,60.0,9.00:1;5.00:3;0.00:1
synth utility 00256,2,1,11.00,100.0,11.00:2
synth office 00102,1,1,21.00,100.0,21.00:1
synth utility 00489,4,1,21.00,100.0,21.00:4
synth transport 00411,1,1,11.00,100.0,11.00:1
synth office 00972,1,1,11.00,100.0,11.00:1
synth misc 01187,1,1,0.00,100.0,0.00:1
synth utility 00383,22,2,9.00,95.45,9.00:21;5.00:1
synth raw material 00188,24,3,19.00,91.67,19.00:22;11.00:1;21.00:1
synth maintenance 00870,13,3,5.00,84.62,5.00:11;21.00:1;19.00:1
synth misc 01104,13,1,21.00,100.0,21.00:13
synth maintenance 00521,4,1,19.00,100.0,19.00:4
synth retail 00720,4,1,19.00,100.0,19.00:4
synth transport 00230,2,1,11.00,100.0,11.00:2
synth fuel 00277,4,2,0.00,75.0,0.00:3;9.00:1
synth transport 01149,4,2,19.00,75.0,19.00:3;11.00:1
synth maintenance 01154,10,2,11.00,90.0,11.00:9;5.00:1
synth misc 00681,7,1,0.00,100.0,0.00:7
synth raw material 00245,3,1,9.00,100.0,9.00:3
synth misc 00584,8,1,5.00,100.0,5.00:8
synth utility 00553,2,1,11.00,100.0,11.00:2
synth service 00034,1,1,11.00,100.0,11.00:1
synth office 00673,1,1,19.00,100.0,19.00:1
synth raw material 00446,6,1,21.00,100.0,21.00:6
synth retail 00012,2,1,21.00,100.0,21.00:2
synth office 00532,2,1,9.00,100.0,9.00:2
synth fuel 00240,1,1,9.00,100.0,9.00:1
synth transport 00901,11,1,9.00,100.0,9.00:11
synth packaging 00976,1,1,0.00,100.0,0.00:1
synth office 00066,2,1,0.00,100.0,0.00:2
synth misc 00941,8,2,11.00,87.5,21.00:1;11.00:7
synth packaging 00040,17,4,11.00,82.35,11.00:14;19.00:1;5.00:1;0.00:1
synth transport 00097,2,1,0.00,100.0,0.00:2
synth raw material 01001,2,1,19.00,100.0,19.00:2
synth maintenance 00550,2,1,5.00,100.0,5.00:2
synth utility 01036,4,2,21.00,75.0,19.00:1;21.00:3
synth service 00388,1,1,0.00,100.0,0.00:1
synth transport 01170,1,1,19.00,100.0,19.00:1
synth packaging 00258,4,1,11.00,100.0,11.00:4
synth packaging 00711,21,2,9.00,95.24,9.00:20;11.00:1
synth transport 00059,6,2,5.00,66.67,9.00:2;5.00:4
synth utility 00563,19,1,19.00,100.0,19.00:19
synth retail 00611,6,1,19.00,100.0,19.00:6
synth utility 01177,19,2,9.00,94.74,9.00:18;19.00:1
synth service 00418,6,2,21.00,83.33,21.00:5;0.00:1
synth misc 00179,4,2,11.00,75.0,5.00:1;11.00:3
synth packaging 00518,10,2,19.00,90.0,19.00:9;21.00:1
synth utility 00166,21,2,5.00,95.24,5.00:20;21.00:1
synth misc 00693,1,1,21.00,100.0,21.00:1
synth fuel 00634,1,1,0.00,100.0,0.00:1
synth fuel 00897,1,1,0.00,100.0,0.00:1
synth raw material 00582,2,1,11.00,100.0,11.00:2
synth service 00949,1,1,9.00,100.0,9.00:1
synth transport 00152,1,1,19.00,100.0,19.00:1
synth raw material 00988,1,1,9.00,100.0,9.00:1
synth office 01043,1,1,19.00,100.0,19.00:1
synth misc 00236,9,2,21.00,88.89,21.00:8;19.00:1
synth raw material 00903,2,1,0.00,100.0,0.00:2
synth packaging 00887,2,1,21.00,100.0,21.00:2
synth raw material 00403,4,1,19.00,100.0,19.00:4
synth misc 00113,5,1,21.00,100.0,21.00:5
synth office 00121,1,1,11.00,100.0,11.00:1
synth office 00184,2,1,11.00,100.0,11.00:2
synth raw material 00827,1,1,19.00,100.0,19.00:1
synth misc 00088,1,1,11.00,100.0,11.00:1
synth office 00156,1,1,11.00,100.0,11.00:1
synth retail 00078,3,1,11.00,100.0,11.00:3
synth retail 00526,12,1,19.00,100.0,19.00:12
synth misc 00936,1,1,0.00,100.0,0.00:1
synth fuel 00426,3,1,11.00,100.0,11.00:3
synth maintenance 00828,3,1,21.00,100.0,21.00:3
synth raw material 00536,1,1,11.00,100.0,11.00:1
synth packaging 00459,1,1,9.00,100.0,9.00:1
synth misc 00751,1,1,19.00,100.0,19.00:1
synth retail 01078,1,1,9.00,100.0,9.00:1
synth fuel 00557,2,1,19.00,100.0,19.00:2
synth raw material 01064,1,1,19.00,100.0,19.00:1
synth utility 01119,7,1,5.00,100.0,5.00:7
synth misc 00298,1,1,19.00,100.0,19.00:1
synth misc 00106,1,1,0.00,100.0,0.00:1
synth fuel 00992,2,1,9.00,100.0,9.00:2
synth retail 00431,1,1,5.00,100.0,5.00:1
synth service 00015,1,1,21.00,100.0,21.00:1
synth fuel 00514,1,1,9.00,100.0,9.00:1
synth office 00020,1,1,5.00,100.0,5.00:1
synth service 00394,1,1,9.00,100.0,9.00:1
synth service 00575,1,1,5.00,100.0,5.00:1
synth maintenance 00562,3,1,21.00,100.0,21.00:3
synth packaging 00419,14,1,9.00,100.0,9.00:14
synth utility 00786,9,1,21.00,100.0,21.00:9
synth office 00440,12,2,21.00,83.33,5.00:2;21.00:10
synth office 00687,24,3,0.00,91.67,0.00:22;19.00:1;11.00:1
synth office 01065,10,2,19.00,90.0,11.00:1;19.00:9
synth raw material 00586,29,2,19.00,96.55,19.00:28;11.00:1
synth retail 00041,4,2,5.00,75.0,9.00:1;5.00:3
synth raw material 00071,12,1,0.00,100.0,0.00:12
synth packaging 00958,5,1,9.00,100.0,9.00:5
synth service 01068,2,1,21.00,100.0,21.00:2
synth utility 00218,5,1,11.00,100.0,11.00:5
synth utility 01125,3,1,5.00,100.0,5.00:3
synth fuel 01153,5,1,21.00,100.0,21.00:5
synth retail 00387,4,1,5.00,100.0,5.00:4
synth maintenance 00496,1,1,11.00,100.0,11.00:1
synth service 00942,72,4,5.00,95.83,5.00:69;9.00:1;21.00:1;19.00:1
synth misc 00665,1,1,21.00,100.0,21.00:1
synth office 00422,3,1,9.00,100.0,9.00:3
synth utility 01137,47,4,9.00,91.49,9.00:43;5.00:1;11.00:2;19.00:1
synth transport 00175,11,1,9.00,100.0,9.00:11
synth fuel 00621,14,1,21.00,100.0,21.00:14
synth maintenance 00938,16,2,11.00,93.75,5.00:1;11.00:15
synth raw material 00848,46,5,0.00,86.96,21.00:3;0.00:40;9.00:1;11.00:1;19.00:1
synth maintenance 00608,6,2,21.00,83.33,21.00:5;5.00:1
synth service 00224,5,1,21.00,100.0,21.00:5
synth packaging 01117,5,1,0.00,100.0,0.00:5
synth retail 00318,1,1,9.00,100.0,9.00:1
synth raw material 00925,4,1,11.00,100.0,11.00:4
synth fuel 01017,3,2,9.00,66.67,0.00:1;9.00:2
synth maintenance 00223,2,1,11.00,100.0,11.00:2
synth misc 00103,1,1,5.00,100.0,5.00:1
synth office 00155,8,1,9.00,100.0,9.00:8
synth maintenance 00639,3,1,19.00,100.0,19.00:3
synth maintenance 00373,3,1,5.00,100.0,5.00:3
synth utility 00310,2,2,5.00,50.0,5.00:1;21.00:1
synth service 00797,2,1,0.00,100.0,0.00:2
synth service 00370,1,1,9.00,100.0,9.00:1
synth packaging 01063,1,1,9.00,100.0,9.00:1
synth fuel 00544,1,1,0.00,100.0,0.00:1
synth packaging 00442,1,1,11.00,100.0,11.00:1
synth office 00718,1,1,9.00,100.0,9.00:1
synth fuel 00203,1,1,5.00,100.0,5.00:1
synth utility 01120,1,1,21.00,100.0,21.00:1
synth utility 00709,1,1,11.00,100.0,11.00:1
synth packaging 00324,1,1,5.00,100.0,5.00:1
synth maintenance 00576,2,1,19.00,100.0,19.00:2
synth retail 00626,4,1,5.00,100.0,5.00:4
synth fuel 00375,1,1,5.00,100.0,5.00:1
synth fuel 01108,2,2,5.00,50.0,5.00:1;19.00:1
synth service 00836,1,1,21.00,100.0,21.00:1
synth retail 00466,2,1,0.00,100.0,0.00:2
synth retail 00917,10,1,0.00,100.0,0.00:10
synth fuel 00415,4,1,0.00,100.0,0.00:4
synth retail 00081,1,1,0.00,100.0,0.00:1
synth maintenance 00662,1,1,5.00,100.0,5.00:1
synth transport 00095,4,1,0.00,100.0,0.00:4
synth retail 00250,2,1,19.00,100.0,19.00:2
synth retail 00213,3,1,11.00,100.0,11.00:3
synth retail 00200,1,1,11.00,100.0,11.00:1
synth maintenance 00578,1,1,11.00,100.0,11.00:1
synth office 00067,1,1,5.00,100.0,5.00:1
synth retail 01176,4,1,9.00,100.0,9.00:4
synth service 00998,1,1,19.00,100.0,19.00:1
synth transport 00967,2,1,21.00,100.0,21.00:2
synth fuel 00249,1,1,5.00,100.0,5.00:1
synth retail 00683,1,1,9.00,100.0,9.00:1
synth transport 01094,3,1,19.00,100.0,19.00:3
synth utility 01098,1,1,19.00,100.0,19.00:1
synth fuel 00270,1,1,9.00,100.0,9.00:1
synth packaging 01025,6,1,19.00,100.0,19.00:6
synth office 00026,5,1,0.00,100.0,0.00:5
synth office 00779,2,1,9.00,100.0,9.00:2
synth retail 00979,6,1,5.00,100.0,5.00:6
synth raw material 00436,2,1,5.00,100.0,5.00:2
synth maintenance 00866,2,1,9.00,100.0,9.00:2
synth retail 00890,1,1,5.00,100.0,5.00:1
synth utility 01037,1,1,11.00,100.0,11.00:1
synth fuel 00261,3,1,11.00,100.0,11.00:3
synth maintenance 00951,1,1,0.00,100.0,0.00:1
synth maintenance 00151,4,1,0.00,100.0,0.00:4
synth transport 00443,3,1,11.00,100.0,11.00:3
synth misc 00572,9,1,19.00,100.0,19.00:9
synth packaging 00309,3,1,0.00,100.0,0.00:3
synth utility 00669,7,1,11.00,100.0,11.00:7
synth transport 00485,1,1,0.00,100.0,0.00:1
synth raw material 00910,2,1,21.00,100.0,21.00:2
synth misc 00780,10,1,11.00,100.0,11.00:10
synth service 00312,2,1,0.00,100.0,0.00:2
synth maintenance 01163,2,1,19.00,100.0,19.00:2
synth misc 00765,1,1,19.00,100.0,19.00:1
synth misc 00993,3,2,0.00,66.67,0.00:2;5.00:1
synth fuel 00716,19,2,21.00,94.74,21.00:18;11.00:1
synth office 00127,5,1,21.00,100.0,21.00:5
synth misc 00264,5,1,0.00,100.0,0.00:5
synth retail 00331,3,2,21.00,66.67,19.00:1;21.00:2
synth packaging 00468,5,1,19.00,100.0,19.00:5
synth transport 00297,2,1,5.00,100.0,5.00:2
synth raw material 01089,2,1,5.00,100.0,5.00:2
synth fuel 00566,3,1,11.00,100.0,11.00:3
synth raw material 01007,2,1,0.00,100.0,0.00:2
synth utility 00580,1,1,5.00,100.0,5.00:1
synth office 00996,2,2,5.00,50.0,5.00:1;21.00:1
synth packaging 01145,1,1,11.00,100.0,11.00:1
synth fuel 00382,3,1,0.00,100.0,0.00:3
synth office 00050,3,1,21.00,100.0,21.00:3
synth office 01091,39,5,9.00,89.74,9.00:35;0.00:1;5.00:1;21.00:1;11.00:1
synth raw material 00351,6,1,9.00,100.0,9.00:6
synth misc 00876,9,2,21.00,88.89,21.00:8;5.00:1
synth retail 00630,10,1,11.00,100.0,11.00:10
synth misc 00311,9,1,19.00,100.0,19.00:9
synth service 00768,8,2,11.00,87.5,11.00:7;5.00:1
synth packaging 00335,4,2,5.00,75.0,5.00:3;9.00:1
synth misc 00208,8,2,19.00,87.5,19.00:7;21.00:1
synth retail 00735,5,1,19.00,100.0,19.00:5
synth utility 00036,2,1,19.00,100.0,19.00:2
synth misc 00700,6,1,21.00,100.0,21.00:6
synth maintenance 00115,2,1,9.00,100.0,9.00:2
synth packaging 00243,4,1,5.00,100.0,5.00:4
synth utility 00340,2,1,0.00,100.0,0.00:2
synth transport 00627,1,1,21.00,100.0,21.00:1
synth utility 00275,1,1,9.00,100.0,9.00:1
synth retail 00647,2,1,19.00,100.0,19.00:2
synth raw material 01039,1,1,11.00,100.0,11.00:1
synth maintenance 00205,2,1,0.00,100.0,0.00:2
synth fuel 00667,1,1,19.00,100.0,19.00:1
synth raw material 00984,1,1,0.00,100.0,0.00:1
