"CitationID","Paper","Authors","Year","Venue","DOI_or_URL","MathematicalDefinition","UnitOfAnalysis","OperatesOnHistoricalLabels","MultipleOrgsOrRatersInvolved","EquivalenceToADS","UsedAs","KeyNotes","VerificationMethod"
"G1-01","Introduction to Information Retrieval (textbook, Ch. 16.3, cluster purity)","Manning, Raghavan, Schutze","2008","MIT Press / Cambridge University Press","https://nlp.stanford.edu/IR-book/","purity(cluster_k) = max_j(count of class j in cluster k) / (size of cluster k); corpus purity = size-weighted mean over clusters.","Per-cluster, aggregated (size-weighted) to corpus level","No (compares one clustering solution to ground-truth classes at one point in time, not repeated historical labels)","No (single ground-truth labeling vs. single clustering, not a multi-rater construct)","Equivalent (identical closed-form expression, max-count/total-count, under a relabeling of 'cluster' as 'item's historical booking multiset')","Evaluation metric only (post-hoc scoring of clustering output against known classes)","Canonical textbook citation for the purity formula; formula reproduced identically across many independent secondary sources.","Formula confirmed via WebSearch cross-check against multiple independent course/paper citations reproducing the identical formula."
"G1-02","A comparison of extrinsic clustering evaluation metrics based on formal constraints","Amigo, Gonzalo, Artiles, Verdejo","2009","Information Retrieval, 12(4):461-486","10.1007/s10791-008-9066-8","Formal axiomatic treatment of purity alongside entropy, F-measure, Rand Index, B-Cubed; purity given identically to G1-01: max_j|cluster_k intersect class_j| / |cluster_k|.","Per-cluster, aggregated to corpus level","No (same caveat as G1-01)","No","Equivalent (same formula; also formally proves purity is not robust to small clusters / rewards over-fragmentation -- an analogous concern worth noting for ADS on low-count items)","Evaluation metric, with formal critique of failure modes","Best citation if the manuscript wants to acknowledge purity's known formal weaknesses as prior art on the metric family. 844 citations.","get_paper confirmed DOI, venue, year, citation count directly from OpenAlex-backed metadata."
"G1-03","Criterion functions for document clustering (purity/entropy formalization)","Zhao, Karypis","2003 (CLUTO-lineage technical report / Clustering in Life Sciences, Humana Press)","Humana Press","10.1385/1-59259-364-x:183","Same per-cluster purity formula as G1-01/G1-02, in the document-clustering evaluation lineage (CLUTO toolkit).","Per-cluster, aggregated to corpus level","No","No","Equivalent (same formula)","Evaluation metric","Independent lineage confirming the formula's canonical status in the clustering-evaluation literature, separate from the IR-book/Amigo lineage.","FastTrack search result; DOI present in record."
"G1-04","Maximum Likelihood Estimation of Observer Error-Rates Using the EM Algorithm","Dawid, Skene","1979","Journal of the Royal Statistical Society, Series C (Applied Statistics)","(2069 citations per Consensus; no DOI independently resolved in this pass)","EM-based latent-class model estimating per-rater confusion matrices and per-item true-label posteriors from repeated noisy categorical ratings; raw majority-vote-of-repeated-labels is the standard naive baseline compared against throughout this model's large descendant literature, though not itself named/defined as a standalone metric in this paper.","Per-item (task), aggregating multiple raters' repeated labels -- the closest unit-of-analysis match to ADS found in this pass","Yes -- this is the one line of literature that operates on exactly ADS's data shape: repeated categorical judgments of the same item","Yes -- multiple raters/workers explicitly","Analogous (unit of analysis and data shape match exactly; but Dawid-Skene's own output is a corrected posterior, not the raw max/sum -- the mathematically-identical quantity is only its baseline comparator, used informally, never named as a citable metric in its own right)","Model itself: label aggregation / ground-truth (truth) inference. Majority-vote-proportion within this lineage: naive baseline for comparison, occasionally a worker/task quality diagnostic.","Strongest evidence that 'empirical historical label determinism' as ADS defines it is a known baseline quantity in the repeated-labeling literature, circulating informally rather than under one canonical citable name.","Retrieved via Consensus with full bibliographic metadata; cross-referenced against multiple descendant papers (Zhang et al. 2016 GTIC; Gao and Zhou 2013) that explicitly cite and benchmark against it."
"G1-05","Learning from Disagreement: A Survey","Uma, Fornaciari, Hovy, et al.","2021","Journal of Artificial Intelligence Research (JAIR)","10.1613/jair.1.12752","Frames per-item label distributions (not reduced to a point estimate) as the object of study; discusses soft labels, entropy of the label distribution, and majority/aggregated hard labels as competing representations of ground truth per item.","Per-item, across multiple annotators/judgments","Yes (annotation-repetition sense; mathematically identical shape to ADS's booking-history repetition, though not longitudinal)","Yes","Analogous ('how peaked is an item's label distribution' is the same conceptual territory as ADS, but the survey's emphasis is on NOT collapsing to a point estimate -- closer to the opposite design philosophy from ADS-Cascade, which deliberately collapses to a scalar routing signal)","Evaluation-methodology discussion; dataset characteristic (catalogs which released datasets retain raw multi-annotator labels)","Useful citation for justifying why ADS collapses to max/sum rather than reporting full entropy -- state-of-the-art review of exactly that design-choice space. 134 citations.","FastTrack search_papers metadata (OpenAlex-backed)."
"G1-06","Dealing with Disagreements: Looking Beyond the Majority Vote in Subjective Annotations","Davani, Diaz, Prabhakaran","2021","arXiv preprint","10.48550/arxiv.2110.05719","Explicitly critiques 'majority voting and averaging' as the standard way of collapsing multi-annotator judgments into a single ground truth; proposes multi-annotator/multi-task modeling instead.","Per-item, multi-annotator","Yes (annotation-repetition sense)","Yes","Analogous (confirms majority-vote proportion is treated in this literature as the default baseline everyone tries to beat, again with no distinct canonical name of its own -- referred to descriptively as 'majority vote,' 'majority agreement,' 'percent agreement with the majority label')","Critiqued as an aggregation rule / evaluation-methodology baseline","Independent confirmation (alongside G1-04/G1-05) that raw majority-vote-proportion lacks its own canonical citation lineage.","FastTrack metadata (OpenAlex-backed, abstract confirms majority-vote-proportion critique)."
"G1-07","Confident Learning: Estimating Uncertainty in Dataset Labels","Northcutt, Jiang, Chuang","2021","Journal of Artificial Intelligence Research (JAIR)","10.1613/jair.1.12125","Estimates the joint distribution between noisy given labels and latent true labels via out-of-sample model-predicted class probabilities and per-class probability thresholds; flags/prunes likely label errors via confident-joint / self-confidence thresholding.","Per-example, scored via a trained model's predicted probability for the given label -- NOT via repeated historical labels","No -- uses a single given label per example plus model-predicted probabilities, not a repeated-labeling history","No -- single label source, single trained model as the confidence oracle","Distinct (different input: model confidence vs. repeated empirical labels; different mechanism: probabilistic confusion-matrix estimation vs. simple counting -- though the goal, identifying unreliable/ambiguous items, is convergent with ADS's downstream use)","Dataset-quality / label-error-detection tool; used as a data-cleaning preprocessing step (dataset characteristic), not an architecture-selection or routing signal","61 citations; companion paper 'Pervasive Label Errors in Test Sets Destabilize ML Benchmarks' (Northcutt, Athalye, Mueller 2021) cross-referenced.","FastTrack metadata confirmed (JAIR, OpenAlex-backed); cross-referenced against companion arXiv paper."
"G1-08","A Baseline for Detecting Misclassified and Out-of-Distribution Examples in Neural Networks (MSP)","Hendrycks, Gimpel","2016/2017 (ICLR 2017)","ICLR 2017 / arXiv","10.48550/arxiv.1610.02136","confidence(x) = max_k softmax(f(x))_k -- the maximum predicted class probability from a trained model's softmax output for a single input.","Per-instance, per-model-inference (no repetition, no history)","No -- operates on a model's predictive distribution for one forward pass, not repeated empirical labels over time","No -- single model, single inference","Distinct, but structurally analogous (both are literally max(distribution) over classes -- but MSP maxes a MODEL'S predictive distribution at inference time; ADS maxes an EMPIRICAL HISTORICAL FREQUENCY distribution computed independent of any model; same operator, categorically different input data)","Runtime confidence/OOD-detection baseline -- notably this IS a runtime signal, just not built from repeated historical labels","Cleanest illustration in the search of 'same operator, different input data'; worth citing in the manuscript precisely as a contrast, not a match. 1629 citations.","get_paper confirmed DOI, authors, venue, citation count directly."
"G1-09","Measuring Nominal Scale Agreement Among Many Raters","Joseph L. Fleiss","1971","Psychological Bulletin, 76(5):378-382","(no DOI independently resolved in this pass; canonical IRR methodology citation)","Fleiss's kappa; the per-item term P_i = [sum_j C(n_ij,2)] / C(n,2) -- fraction of AGREEING PAIRS of ratings for item i (not fraction agreeing with the mode). Raw/percent agreement and 'percent agreement with the majority label' are related-but-distinct informal constructs discussed in this lineage without their own dedicated citation.","Per-item (per-rated-subject), multiple raters","Yes (repeated-judgment sense)","Yes","Partially equivalent, with an important distinction: Fleiss's own P_i (pairwise-agreement fraction) is Analogous, not equivalent, to ADS (mathematically different: pairwise agreement vs. max/sum, converging only under specific distributional conditions). The informal 'percent agreement with the majority label' construct that circulates in this literature IS mathematically Equivalent to ADS, but has no single canonical, independently-named citation distinct from Cohen's/Fleiss's kappa work.","Evaluation metric / dataset (annotator) quality diagnostic in inter-rater-reliability methodology","Most important 'near miss': the raw majority-agreement-proportion really does appear to lack a canonical distinct citation lineage separate from kappa, exactly as the task's framing anticipated.","WebSearch cross-checked against Wikipedia, ResearchGate, multiple secondary IRR-methodology sources; corroborated by Scholar Gateway full-text passage search."
